gene_symbol,legacy_variability_bin
A1BG,0
A2ML1,0
A3GALT2,1
A4GALT,3
A4GNT,0
AAAS,2
AADAC,1
AADACL3,9
AADAT,4
AAGAB,4
AAK1,4
AAMDC,1
AAMP,1
AAR2,1
AARS2,4
AASDH,3
AASDHPPT,0
AASS,1
AATF,6
AATK,4
ABAT,3
ABCA1,2
ABCA12,6
ABCA13,7
ABCA3,8
ABCA4,7
ABCA5,9
ABCA7,0
ABCB1,9
ABCB10,1
ABCB11,4
ABCB4,2
ABCB5,6
ABCB6,0
ABCB7,2
ABCB8,7
ABCB9,0
ABCC1,8
ABCC10,6
ABCC11,8
ABCC3,0
ABCC4,6
ABCC5,4
ABCC6,2
ABCC8,7
ABCC9,6
ABCD1,1
ABCD2,8
ABCD3,1
ABCD4,2
ABCE1,4
ABCF1,6
ABCF3,3
ABCG1,4
ABCG2,8
ABCG4,2
ABCG5,3
ABCG8,1
ABHD1,6
ABHD10,6
ABHD11,2
ABHD12,0
ABHD12B,8
ABHD13,4
ABHD14B,1
ABHD15,6
ABHD16A,6
ABHD17A,2
ABHD17B,9
ABHD18,1
ABHD2,6
ABHD3,2
ABHD4,4
ABHD5,7
ABHD6,6
ABHD8,6
ABI1,0
ABI2,2
ABI3,7
ABI3BP,9
ABITRAM,3
ABL1,0
ABL2,4
ABLIM1,6
ABLIM2,4
ABLIM3,4
ABO,4
ABR,2
ABRA,9
ABRACL,0
ABRAXAS1,9
ABRAXAS2,6
ABT1,3
ABTB1,2
ABTB2,1
ACAA1,6
ACACA,0
ACACB,4
ACAD11,2
ACAD8,8
ACAD9,2
ACADL,0
ACADM,8
ACADS,4
ACADSB,3
ACADVL,4
ACAN,7
ACAP1,7
ACAP2,0
ACAP3,6
ACAT1,6
ACAT2,2
ACBD3,4
ACBD5,6
ACBD6,4
ACCS,9
ACD,1
ACE,8
ACE2,4
ACER2,4
ACER3,7
ACHE,8
ACIN1,7
ACKR1,0
ACKR2,1
ACKR3,2
ACKR4,4
ACLY,3
ACO1,2
ACO2,7
ACOD1,3
ACOT11,7
ACOT12,2
ACOT13,2
ACOT6,3
ACOT7,0
ACOT8,6
ACOT9,6
ACOX1,0
ACOX2,9
ACOX3,3
ACOXL,7
ACP1,4
ACP2,3
ACP5,4
ACP6,8
ACP7,1
ACRBP,1
ACSBG1,1
ACSBG2,4
ACSF2,4
ACSF3,4
ACSL1,3
ACSL3,4
ACSL4,9
ACSL5,7
ACSL6,9
ACSM3,4
ACSM5,5
ACSS1,8
ACSS2,0
ACSS3,0
ACTA1,4
ACTA2,4
ACTB,2
ACTC1,9
ACTG1,1
ACTL6A,2
ACTL6B,0
ACTL7A,4
ACTL8,6
ACTN1,3
ACTN2,6
ACTN3,6
ACTN4,2
ACTR10,9
ACTR1A,0
ACTR1B,6
ACTR2,8
ACTR3,7
ACTR3B,1
ACTR5,6
ACTR6,1
ACTR8,6
ACVR1,0
ACVR1B,4
ACVR1C,9
ACVR2A,3
ACVR2B,6
ACVRL1,6
ACYP1,7
ACYP2,1
ADA,6
ADA2,7
ADAL,3
ADAM10,2
ADAM11,4
ADAM12,7
ADAM15,6
ADAM17,2
ADAM19,0
ADAM20,1
ADAM21,7
ADAM22,6
ADAM23,0
ADAM28,2
ADAM32,6
ADAM33,3
ADAM8,5
ADAM9,6
ADAMDEC1,9
ADAMTS1,4
ADAMTS10,2
ADAMTS12,6
ADAMTS13,7
ADAMTS14,6
ADAMTS15,4
ADAMTS16,4
ADAMTS17,6
ADAMTS18,3
ADAMTS19,2
ADAMTS2,8
ADAMTS20,4
ADAMTS4,3
ADAMTS5,1
ADAMTS6,9
ADAMTS7,7
ADAMTS8,9
ADAMTS9,9
ADAMTSL1,3
ADAMTSL2,3
ADAMTSL3,2
ADAMTSL4,4
ADAMTSL5,4
ADAP1,2
ADAP2,7
ADAR,8
ADARB1,4
ADAT1,4
ADAT2,6
ADCK1,1
ADCK2,7
ADCK5,6
ADCY1,0
ADCY10,6
ADCY2,2
ADCY3,4
ADCY4,2
ADCY5,2
ADCY6,6
ADCY7,4
ADCY9,2
ADCYAP1R1,2
ADD1,3
ADD2,3
ADD3,4
ADGRA1,0
ADGRA2,2
ADGRA3,2
ADGRB1,4
ADGRB2,7
ADGRB3,9
ADGRD1,1
ADGRE1,6
ADGRE2,3
ADGRE3,6
ADGRE5,1
ADGRF1,4
ADGRF2,3
ADGRF3,4
ADGRF5,7
ADGRG1,6
ADGRG2,2
ADGRG3,8
ADGRG5,0
ADGRG6,0
ADGRG7,1
ADGRL1,4
ADGRL2,2
ADGRL3,1
ADGRL4,9
ADGRV1,0
ADH4,2
ADH5,2
ADHFE1,9
ADIPOR1,2
ADIPOR2,0
ADIRF,6
ADK,0
ADM,0
ADM2,6
ADM5,9
ADNP,2
ADNP2,6
ADO,8
ADORA1,8
ADORA2A,6
ADORA3,7
ADPGK,0
ADPRH,0
ADPRM,4
ADRA1A,4
ADRA1B,1
ADRA1D,6
ADRA2A,4
ADRA2B,4
ADRA2C,1
ADRB2,4
ADRM1,6
ADTRP,6
AEBP1,0
AEBP2,2
AEN,8
AFAP1,3
AFAP1L1,6
AFAP1L2,6
AFDN,9
AFF1,0
AFF2,4
AFF3,4
AFF4,9
AFG1L,2
AFG3L2,7
AFTPH,6
AGA,4
AGAP1,9
AGAP2,4
AGAP3,6
AGBL1,1
AGBL2,2
AGBL3,7
AGBL4,2
AGBL5,4
AGER,7
AGFG1,3
AGFG2,7
AGGF1,7
AGK,4
AGL,8
AGMAT,6
AGMO,1
AGO1,3
AGO2,1
AGO3,4
AGO4,3
AGPAT1,3
AGPAT2,2
AGPAT3,6
AGPAT4,6
AGPAT5,2
AGPS,4
AGR2,7
AGRN,2
AGT,4
AGTPBP1,8
AGTR1,9
AGTR2,9
AGTRAP,0
AHCTF1,4
AHCY,4
AHCYL1,2
AHCYL2,0
AHDC1,8
AHI1,9
AHNAK,6
AHR,8
AHRR,4
AHSA1,0
AHSP,2
AICDA,6
AIDA,0
AIF1,4
AIF1L,0
AIFM1,3
AIFM2,4
AIFM3,4
AIG1,6
AIMP1,6
AIP,1
AIPL1,6
AJAP1,0
AJUBA,1
AK1,1
AK2,4
AK5,6
AK7,2
AK8,2
AK9,6
AKAIN1,7
AKAP1,3
AKAP10,4
AKAP11,6
AKAP12,1
AKAP13,0
AKAP3,6
AKAP5,0
AKAP6,4
AKAP7,7
AKAP8,1
AKAP9,4
AKIP1,2
AKIRIN1,1
AKIRIN2,6
AKNA,2
AKNAD1,8
AKR1B1,2
AKR1E2,0
AKT1,8
AKT1S1,0
AKT2,7
AKT3,4
AKTIP,7
ALAD,2
ALAS1,9
ALAS2,9
ALCAM,4
ALDH16A1,0
ALDH18A1,2
ALDH1A1,2
ALDH1A2,4
ALDH1A3,0
ALDH1B1,1
ALDH1L1,4
ALDH1L2,4
ALDH3A1,6
ALDH3A2,2
ALDH3B1,6
ALDH4A1,6
ALDH5A1,9
ALDH6A1,1
ALDH7A1,1
ALDH8A1,7
ALDH9A1,3
ALDOC,7
ALG11,0
ALG12,2
ALG14,0
ALG2,3
ALG3,1
ALG5,8
ALG6,2
ALG8,9
ALK,6
ALKBH1,0
ALKBH2,9
ALKBH3,0
ALKBH4,4
ALKBH5,4
ALKBH6,6
ALKBH7,2
ALMS1,7
ALOX12B,1
ALOX15,3
ALOX15B,2
ALOX5,4
ALOXE3,6
ALPK1,7
ALPK2,7
ALPK3,6
ALPL,3
ALS2,6
ALS2CL,3
ALX1,2
ALX3,8
ALX4,6
ALYREF,4
AMBN,6
AMBRA1,4
AMD1,9
AMDHD1,0
AMFR,1
AMHR2,7
AMIGO2,6
AMIGO3,4
AMMECR1,3
AMMECR1L,0
AMOT,4
AMOTL1,9
AMOTL2,4
AMPD1,8
AMPD2,4
AMPH,1
AMT,2
AMZ2,4
ANAPC1,6
ANAPC10,4
ANAPC11,6
ANAPC13,1
ANAPC15,0
ANAPC16,6
ANAPC2,6
ANAPC4,4
ANAPC5,8
ANAPC7,6
ANGEL1,4
ANGEL2,7
ANGPT1,6
ANGPT2,4
ANGPT4,6
ANGPTL1,4
ANGPTL2,1
ANGPTL4,4
ANGPTL5,7
ANGPTL6,4
ANGPTL7,6
ANK1,6
ANK2,4
ANK3,8
ANKAR,6
ANKDD1A,1
ANKEF1,9
ANKFN1,2
ANKFY1,6
ANKH,4
ANKIB1,4
ANKLE1,1
ANKLE2,7
ANKMY1,4
ANKMY2,6
ANKRA2,2
ANKRD1,3
ANKRD10,6
ANKRD11,8
ANKRD12,3
ANKRD13A,1
ANKRD13B,4
ANKRD13C,6
ANKRD13D,4
ANKRD16,7
ANKRD17,6
ANKRD2,3
ANKRD22,6
ANKRD24,6
ANKRD27,3
ANKRD28,6
ANKRD29,2
ANKRD31,3
ANKRD33B,0
ANKRD34A,8
ANKRD34B,3
ANKRD34C,3
ANKRD35,4
ANKRD37,6
ANKRD39,3
ANKRD40,1
ANKRD42,3
ANKRD44,2
ANKRD49,1
ANKRD50,6
ANKRD52,0
ANKRD54,4
ANKRD55,0
ANKRD6,1
ANKRD63,1
ANKRD65,6
ANKRD9,4
ANKS1A,2
ANKS1B,2
ANKS3,7
ANKS4B,2
ANKS6,9
ANKZF1,2
ANLN,2
ANO1,0
ANO10,8
ANO3,4
ANO4,2
ANO5,9
ANO6,4
ANO7,4
ANO8,8
ANO9,9
ANOS1,7
ANP32A,3
ANP32E,6
ANPEP,3
ANTXR1,3
ANTXR2,0
ANTXRL,0
ANXA1,6
ANXA11,3
ANXA13,7
ANXA2,4
ANXA3,1
ANXA4,4
ANXA5,8
ANXA6,1
ANXA7,6
ANXA9,1
AOAH,9
AOC1,2
AOC2,4
AOC3,6
AOX2,2
AP1AR,4
AP1B1,0
AP1M1,3
AP1M2,2
AP1S1,0
AP1S2,0
AP2A1,8
AP2A2,4
AP2B1,0
AP2M1,2
AP2S1,1
AP3B1,1
AP3B2,6
AP3D1,7
AP3M1,7
AP3M2,3
AP3S1,2
AP3S2,2
AP4B1,2
AP4E1,8
AP4M1,6
AP4S1,7
AP5B1,9
AP5S1,3
AP5Z1,7
APAF1,2
APBA1,6
APBA2,0
APBA3,6
APBB1,4
APBB1IP,6
APBB2,0
APBB3,9
APC,1
APC2,0
APCDD1,4
APCDD1L,6
APEH,9
APEX1,9
APEX2,6
APH1A,7
APH1B,3
API5,3
APIP,4
APLF,4
APLNR,6
APLP1,1
APLP2,9
APMAP,8
APOA1,4
APOA5,9
APOB,0
APOBEC2,2
APOBEC3Z1,6
APOBEC3Z3,5
APOBR,2
APOC1,9
APOC3,3
APOD,4
APOE,7
APOF,0
APOL5,4
APOL6,9
APOLD1,0
APOM,9
APOOL,2
APP,2
APPBP2,2
APPL1,2
APPL2,2
APRT,6
APTX,0
AQP1,4
AQP11,6
AQP4,1
AQP5,1
AQP6,6
AQP9,6
AQR,4
AR,2
ARAF,9
ARAP1,8
ARAP2,4
ARAP3,0
ARCN1,1
AREG,1
AREL1,6
ARF1,1
ARF4,4
ARF5,6
ARF6,2
ARFGAP1,3
ARFGAP2,2
ARFGAP3,1
ARFGEF1,8
ARFGEF2,9
ARFGEF3,3
ARFIP1,2
ARFIP2,6
ARFRP1,2
ARG1,2
ARG2,2
ARGLU1,4
ARHGAP1,4
ARHGAP10,9
ARHGAP12,4
ARHGAP15,0
ARHGAP17,4
ARHGAP18,9
ARHGAP20,8
ARHGAP21,3
ARHGAP22,6
ARHGAP23,2
ARHGAP24,3
ARHGAP26,0
ARHGAP28,4
ARHGAP29,6
ARHGAP30,4
ARHGAP31,4
ARHGAP32,0
ARHGAP33,0
ARHGAP35,4
ARHGAP36,7
ARHGAP39,3
ARHGAP4,1
ARHGAP42,1
ARHGAP44,6
ARHGAP45,6
ARHGAP5,0
ARHGAP6,7
ARHGAP8,0
ARHGDIA,6
ARHGDIB,1
ARHGDIG,4
ARHGEF10,9
ARHGEF10L,4
ARHGEF11,8
ARHGEF12,7
ARHGEF15,4
ARHGEF16,0
ARHGEF17,6
ARHGEF19,6
ARHGEF2,0
ARHGEF25,4
ARHGEF26,3
ARHGEF28,1
ARHGEF3,1
ARHGEF33,6
ARHGEF37,8
ARHGEF38,3
ARHGEF39,4
ARHGEF4,0
ARHGEF40,4
ARHGEF5,6
ARHGEF6,4
ARHGEF7,3
ARHGEF9,6
ARID1A,6
ARID1B,2
ARID2,0
ARID3A,6
ARID3B,4
ARID3C,7
ARID4A,6
ARID4B,6
ARID5A,6
ARID5B,7
ARIH1,3
ARIH2,4
ARL1,1
ARL10,4
ARL13B,1
ARL14EP,3
ARL14EPL,2
ARL15,2
ARL16,9
ARL2BP,2
ARL3,4
ARL4C,4
ARL4D,4
ARL5B,9
ARL5C,4
ARL6,1
ARL6IP4,1
ARL6IP5,8
ARL8B,9
ARL9,6
ARMC1,4
ARMC10,6
ARMC12,4
ARMC2,4
ARMC3,5
ARMC5,9
ARMC6,0
ARMC8,6
ARMC9,9
ARMCX1,0
ARMCX2,2
ARMCX3,1
ARMCX4,0
ARMCX5,0
ARMH1,6
ARMH3,3
ARMH4,3
ARMT1,9
ARNT,7
ARNT2,4
ARNTL,4
ARNTL2,4
ARPC1A,4
ARPC1B,3
ARPC2,2
ARPC3,9
ARPC4,1
ARPC5,6
ARPC5L,2
ARPIN,4
ARPP21,3
ARRB1,1
ARRB2,3
ARRDC1,0
ARRDC2,1
ARRDC3,1
ARRDC4,4
ARRDC5,9
ARSA,0
ARSB,2
ARSG,2
ARSH,9
ARSI,2
ARSJ,4
ARSK,9
ART1,7
ART3,5
ART4,1
ART5,6
ARV1,4
ARVCF,2
ARX,9
AS3MT,4
ASAH1,1
ASAP1,1
ASAP2,0
ASB1,9
ASB10,2
ASB11,3
ASB13,6
ASB15,7
ASB16,6
ASB18,0
ASB2,2
ASB3,4
ASB4,1
ASB5,4
ASB6,8
ASB7,4
ASB8,4
ASB9,4
ASCC1,2
ASCC2,0
ASCC3,9
ASCL2,3
ASF1A,7
ASH1L,6
ASH2L,3
ASIC2,8
ASIC3,3
ASIC5,9
ASIP,4
ASMTL,6
ASNS,6
ASNSD1,0
ASPA,8
ASPG,6
ASPH,0
ASPHD1,2
ASPHD2,2
ASPM,3
ASPN,9
ASPRV1,7
ASPSCR1,2
ASRGL1,4
ASS1,9
ASTE1,0
ASTL,3
ASTN1,4
ASTN2,6
ASXL1,6
ASXL2,6
ASXL3,6
ASZ1,2
ATAD1,6
ATAD2,8
ATAD2B,4
ATAD3A,7
ATAD5,3
ATAT1,2
ATCAY,4
ATE1,0
ATF1,1
ATF2,6
ATF3,9
ATF4,1
ATF5,8
ATF6,3
ATF6B,1
ATF7IP,1
ATF7IP2,1
ATG10,9
ATG101,6
ATG12,0
ATG13,0
ATG14,8
ATG16L1,4
ATG16L2,9
ATG2A,4
ATG2B,4
ATG3,2
ATG4A,6
ATG4B,2
ATG4C,0
ATG4D,4
ATG5,6
ATG7,4
ATG9A,0
ATG9B,3
ATIC,9
ATL1,0
ATL2,8
ATL3,4
ATM,6
ATMIN,3
ATOH7,9
ATOX1,2
ATP10A,6
ATP10D,7
ATP11A,9
ATP11B,6
ATP11C,0
ATP12A,0
ATP13A1,7
ATP13A2,6
ATP13A3,3
ATP13A4,6
ATP1A1,0
ATP1A3,8
ATP1B1,1
ATP1B2,6
ATP1B3,4
ATP1B4,8
ATP23,6
ATP2A1,9
ATP2A2,2
ATP2A3,4
ATP2B1,6
ATP2B2,3
ATP2B3,9
ATP2B4,4
ATP2C1,4
ATP2C2,2
ATP4A,2
ATP5F1A,4
ATP5F1B,0
ATP5F1C,2
ATP5F1D,2
ATP5F1E,7
ATP5IF1,6
ATP5MC1,9
ATP5PF,6
ATP6AP1,4
ATP6AP2,4
ATP6V0A1,1
ATP6V0A2,0
ATP6V0A4,9
ATP6V0B,0
ATP6V0C,7
ATP6V0D1,4
ATP6V0D2,2
ATP6V0E1,1
ATP6V1A,0
ATP6V1B1,0
ATP6V1B2,8
ATP6V1C1,4
ATP6V1C2,4
ATP6V1D,7
ATP6V1F,8
ATP6V1FNB,0
ATP6V1G2,4
ATP6V1H,6
ATP7A,4
ATP7B,2
ATP8A1,4
ATP8A2,1
ATP8B1,4
ATP8B2,4
ATP8B4,6
ATP9A,4
ATP9B,0
ATPAF1,7
ATPAF2,2
ATPSCKMT,4
ATR,7
ATRAID,3
ATRIP,8
ATRN,6
ATRNL1,2
ATRX,2
ATXN1,3
ATXN10,1
ATXN1L,6
ATXN2,4
ATXN2L,0
ATXN7,2
ATXN7L1,3
ATXN7L2,4
ATXN7L3,1
AUH,8
AUNIP,3
AUP1,2
AURKA,2
AURKAIP1,6
AURKB,0
AURKC,0
AUTS2,6
AVEN,6
AVIL,2
AVL9,6
AVPI1,7
AVPR1A,2
AVPR2,3
AXDND1,8
AXIN1,2
AXIN2,4
AXL,9
AZGP1,5
AZI2,6
AZIN1,3
AZIN2,6
B2M,9
B3GALNT2,4
B3GALT1,1
B3GALT2,9
B3GALT5,6
B3GALT6,8
B3GAT2,6
B3GAT3,4
B3GLCT,0
B3GNT2,6
B3GNT3,0
B3GNT4,6
B3GNT5,6
B3GNT9,7
B3GNTL1,9
B4GALNT1,6
B4GALNT3,4
B4GALNT4,1
B4GALT1,3
B4GALT2,3
B4GALT3,3
B4GALT4,3
B4GALT5,2
B4GALT6,6
B4GALT7,4
B4GAT1,7
B9D1,9
BAALC,0
BAAT,0
BABAM1,3
BABAM2,6
BACE1,4
BACE2,1
BACH1,4
BACH2,4
BAD,2
BAG1,0
BAG2,6
BAG3,0
BAG4,4
BAG5,4
BAG6,4
BAHCC1,0
BAHD1,4
BAIAP2,6
BAIAP2L1,3
BAIAP2L2,2
BAIAP3,9
BAK1,1
BAMBI,0
BANK1,1
BANP,7
BAP1,1
BARD1,0
BARHL2,9
BARX1,3
BARX2,4
BASP1,6
BATF2,3
BATF3,3
BAX,6
BAZ1A,2
BAZ1B,9
BAZ2A,7
BAZ2B,0
BBOF1,9
BBOX1,9
BBS10,2
BBS12,6
BBS2,0
BBS5,1
BBS7,0
BBS9,9
BBX,3
BCAM,4
BCAN,4
BCAP29,6
BCAP31,0
BCAR1,6
BCAR3,1
BCAS1,6
BCAS2,0
BCAS3,6
BCAT1,6
BCAT2,1
BCCIP,6
BCDIN3D,2
BCHE,7
BCKDHB,0
BCKDK,7
BCL10,4
BCL11A,6
BCL11B,2
BCL2,6
BCL2A1,7
BCL2L1,7
BCL2L11,4
BCL2L13,3
BCL2L14,6
BCL2L15,2
BCL3,6
BCL6,2
BCL6B,4
BCL7A,3
BCL7B,5
BCL7C,1
BCL9,2
BCL9L,4
BCLAF1,8
BCLAF3,4
BCO2,0
BCOR,7
BCORL1,1
BCR,9
BCS1L,3
BDH1,4
BDH2,6
BDKRB2,2
BDNF,9
BDP1,9
BEAN1,6
BECN1,4
BEGAIN,4
BEND3,6
BEND4,1
BEND6,9
BEND7,3
BEST2,4
BET1,0
BET1L,2
BEX3,4
BEX4,1
BEX5,9
BFAR,4
BFSP1,2
BGN,4
BHLHA15,8
BHLHB9,4
BHLHE40,3
BHMT,6
BICC1,6
BICD1,6
BICD2,4
BICDL1,6
BICDL2,3
BICRAL,6
BID,1
BIN1,8
BIN2,6
BIN3,3
BIRC2,6
BIRC3,7
BIRC6,1
BLCAP,3
BLK,0
BLM,7
BLMH,6
BLNK,3
BLOC1S2,9
BLOC1S3,8
BLOC1S4,9
BLOC1S5,0
BLOC1S6,6
BLVRA,2
BLVRB,0
BLZF1,2
BMERB1,0
BMF,0
BMI1,3
BMP1,2
BMP2,6
BMP2K,7
BMP3,4
BMP4,4
BMP5,2
BMP6,4
BMP7,7
BMPER,7
BMPR1A,9
BMPR1B,1
BMPR2,4
BMS1,3
BMT2,0
BMX,2
BNC1,2
BNC2,6
BNIP1,8
BNIP2,7
BNIP3,7
BNIP5,2
BNIPL,4
BOC,6
BOD1L1,4
BOLA1,0
BOLA3,6
BOLL,0
BORA,1
BORCS5,2
BORCS6,1
BORCS8,0
BPGM,6
BPHL,0
BPI,4
BPIFB2,1
BPIFB3,1
BPIFB4,2
BPIFC,6
BPNT1,2
BPTF,8
BRAF,6
BRAP,6
BRCA1,8
BRCA2,4
BRCC3,6
BRD1,0
BRD2,4
BRD3,6
BRD4,4
BRD7,4
BRD8,4
BRD9,2
BRF1,4
BRF2,2
BRI3,9
BRICD5,8
BRINP1,8
BRINP2,9
BRINP3,3
BRIP1,6
BRIX1,6
BRK1,1
BRMS1,6
BRMS1L,7
BROX,6
BRPF1,7
BRPF3,4
BRSK1,7
BRSK2,1
BRWD1,7
BRWD3,4
BSCL2,9
BSDC1,0
BSG,9
BSN,1
BSND,8
BSPRY,1
BST1,7
BST2,7
BTAF1,6
BTBD1,4
BTBD10,9
BTBD11,4
BTBD16,4
BTBD18,7
BTBD19,6
BTBD2,9
BTBD3,5
BTBD6,2
BTBD7,6
BTBD8,2
BTBD9,7
BTC,6
BTD,9
BTF3,0
BTF3L4,4
BTG1,7
BTG2,6
BTG3,1
BTK,3
BTLA,6
BTN1A1,6
BTNL2,2
BTNL9,6
BTRC,7
BUB1,3
BUB1B,4
BUB3,0
BUD13,2
BUD23,7
BVES,7
BYSL,5
BZW1,7
BZW2,0
C10H12ORF45,4
C10H12ORF56,4
C10H12ORF66,4
C10H22ORF23,9
C10H2ORF42,4
C10H2ORF49,8
C10H2ORF73,7
C11H5ORF15,4
C11H5ORF24,4
C11H5ORF63,6
C11H9ORF152,7
C11H9ORF24,4
C11H9ORF43,6
C11H9ORF72,8
C12H6ORF120,4
C12H6ORF132,6
C12H6ORF136,3
C12H6ORF163,6
C12H6ORF89,6
C14H1ORF35,7
C15H12ORF29,7
C15H12ORF50,4
C15H12ORF73,6
C15H16ORF87,0
C15H1ORF109,3
C15H1ORF122,6
C15H1ORF185,6
C15H1ORF210,4
C15H1ORF216,4
C15H1ORF50,9
C15H4ORF46,4
C16H4ORF47,0
C16H8ORF48,4
C17H1ORF162,0
C17H1ORF56,3
C17H2ORF68,1
C18H11ORF24,4
C18H11ORF49,4
C18H11ORF80,0
C18H11ORF86,3
C18H11ORF95,1
C18H7ORF57,6
C19H2ORF76,8
C19H4ORF33,8
C1D,7
C1GALT1,8
C1GALT1C1,2
C1H18ORF54,4
C1H18ORF63,3
C1H19ORF12,4
C1H19ORF47,7
C1H19ORF54,0
C1H9ORF135,8
C1H9ORF40,0
C1H9ORF64,4
C1H9ORF85,2
C1QA,2
C1QB,4
C1QBP,8
C1QC,7
C1QL1,4
C1QL2,9
C1QL4,9
C1QTNF1,0
C1QTNF2,1
C1QTNF5,3
C1QTNF6,4
C1QTNF7,7
C1R,7
C1RL,0
C1S,4
C2,6
C20H19ORF38,0
C20H19ORF44,8
C20H19ORF53,2
C20H19ORF67,7
C20H19ORF71,2
C20H3ORF14,4
C20H3ORF18,1
C20H3ORF62,7
C21H11ORF54,1
C21H11ORF97,3
C23H3ORF33,4
C24H20ORF194,0
C24H20ORF96,6
C25H2ORF72,0
C26H12ORF65,2
C26H22ORF15,1
C26H22ORF31,6
C26H22ORF39,6
C27H12ORF4,3
C27H12ORF40,1
C27H12ORF60,8
C28H10ORF71,6
C28H10ORF90,0
C29H8ORF34,8
C29H8ORF37,6
C2CD2,7
C2CD2L,2
C2CD3,4
C2CD5,2
C2CD6,4
C3,8
C30H15ORF39,4
C30H15ORF61,0
C30H15ORF62,0
C31H21ORF58,0
C31H21ORF91,6
C32H4ORF36,6
C32H4ORF54,3
C33H3ORF38,7
C33H3ORF52,6
C34H3ORF70,7
C34H5ORF49,7
C35H6ORF52,9
C35H6ORF62,6
C37H2ORF69,7
C37H2ORF88,4
C3AR1,6
C3H4ORF19,0
C4BPA,0
C4BPB,9
C4H1ORF131,6
C4H1ORF198,6
C4H5ORF22,6
C4H5ORF51,4
C5,1
C5AR1,8
C5AR2,3
C5H11ORF52,8
C5H11ORF65,4
C5H11ORF71,0
C5H11ORF87,3
C5H16ORF46,3
C5H16ORF70,3
C5H16ORF86,8
C5H1ORF141,6
C5H1ORF159,4
C5H1ORF174,2
C6,3
C6H16ORF54,7
C6H16ORF71,4
C6H16ORF72,4
C6H16ORF82,0
C6H16ORF89,6
C6H16ORF91,2
C6H1ORF194,6
C6H1ORF52,0
C6H7ORF26,6
C6H7ORF50,4
C7,2
C7H18ORF21,6
C7H18ORF25,7
C7H18ORF32,4
C7H1ORF112,4
C7H1ORF116,7
C7H1ORF21,1
C7H1ORF43,6
C7H1ORF53,4
C7H1ORF74,4
C8G,6
C8H14ORF28,3
C8H14ORF39,7
C8H14ORF93,6
C9H17ORF58,2
C9H17ORF64,0
C9H17ORF67,0
C9H17ORF75,7
C9H17ORF80,8
C9H17ORF98,3
C9H17ORF99,9
CA1,2
CA10,3
CA11,9
CA12,5
CA13,4
CA14,1
CA2,2
CA4,0
CA5B,9
CA6,0
CA7,3
CA8,0
CA9,4
CAAP1,4
CAB39,4
CAB39L,6
CABCOCO1,5
CABIN1,6
CABLES1,0
CABLES2,1
CABP5,6
CABP7,0
CABYR,9
CACHD1,6
CACNA1A,4
CACNA1B,0
CACNA1C,4
CACNA1D,2
CACNA1E,9
CACNA1F,4
CACNA1G,3
CACNA1H,7
CACNA1I,6
CACNA1S,8
CACNA2D1,6
CACNA2D2,4
CACNA2D3,0
CACNB1,8
CACNB2,6
CACNB3,6
CACNG1,9
CACNG4,3
CACNG5,0
CACNG6,6
CACNG7,8
CACTIN,6
CACUL1,7
CACYBP,7
CAD,3
CADM1,8
CADM2,7
CADM3,6
CADM4,0
CADPS,8
CADPS2,3
CAGE1,8
CALB2,7
CALCA,0
CALCOCO1,4
CALCOCO2,1
CALCR,3
CALCRL,2
CALD1,4
CALHM1,3
CALHM4,0
CALHM5,9
CALHM6,4
CALM1,6
CALM3,6
CALML4,2
CALML6,4
CALN1,6
CALR,9
CALR3,0
CALY,3
CAMK1,9
CAMK1D,7
CAMK1G,6
CAMK2A,7
CAMK2D,3
CAMK2G,0
CAMK4,9
CAMKK1,4
CAMKK2,9
CAMKMT,6
CAMKV,2
CAMLG,7
CAMP,2
CAMSAP1,2
CAMSAP2,3
CAMTA1,4
CAMTA2,2
CAND1,1
CAND2,6
CANX,4
CAP2,4
CAPG,1
CAPN1,4
CAPN10,6
CAPN11,9
CAPN12,2
CAPN14,2
CAPN15,9
CAPN2,6
CAPN3,3
CAPN5,1
CAPN6,6
CAPN7,4
CAPN8,1
CAPNS1,0
CAPRIN1,2
CAPRIN2,3
CAPS,6
CAPS2,4
CAPZA2,3
CAPZB,3
CAR1,0
CARD10,3
CARD11,4
CARD19,9
CARD6,3
CARD9,4
CARF,2
CARHSP1,7
CARM1,0
CARMIL1,6
CARMIL2,8
CARMIL3,7
CARNMT1,6
CARNS1,7
CARS2,4
CASC3,6
CASD1,7
CASK,0
CASKIN2,6
CASP12,0
CASP14,4
CASP2,3
CASP3,2
CASP4,3
CASP6,3
CASP7,0
CASP8,2
CASP8AP2,2
CASP9,0
CASQ1,6
CASQ2,9
CASR,7
CASS4,0
CAST,1
CASTOR1,2
CASZ1,1
CAT,6
CATIP,1
CATSPER2,4
CATSPER3,2
CATSPERD,7
CATSPERE,9
CATSPERG,4
CAV1,6
CAV2,8
CAV3,0
CAVIN1,0
CAVIN3,4
CAVIN4,2
CBARP,2
CBFA2T2,6
CBFA2T3,4
CBFB,8
CBL,9
CBLB,3
CBLC,0
CBLL1,4
CBLN1,4
CBLN2,2
CBLN3,6
CBLN4,0
CBR3,6
CBR4,6
CBX1,0
CBX2,2
CBX3,0
CBX4,2
CBX5,4
CBX6,6
CBX7,1
CBX8,9
CBY1,9
CC2D1A,1
CC2D1B,2
CC2D2A,8
CC2D2B,2
CCAR1,9
CCAR2,9
CCBE1,1
CCDC102A,4
CCDC102B,1
CCDC103,9
CCDC106,2
CCDC107,0
CCDC112,6
CCDC113,9
CCDC115,4
CCDC117,6
CCDC12,2
CCDC120,4
CCDC124,3
CCDC125,6
CCDC126,5
CCDC127,2
CCDC130,6
CCDC136,2
CCDC137,8
CCDC138,9
CCDC14,4
CCDC141,8
CCDC142,3
CCDC146,4
CCDC148,9
CCDC149,1
CCDC15,0
CCDC150,6
CCDC153,3
CCDC154,4
CCDC157,7
CCDC158,1
CCDC159,4
CCDC160,4
CCDC167,0
CCDC17,8
CCDC170,7
CCDC171,1
CCDC172,4
CCDC173,7
CCDC174,2
CCDC175,9
CCDC177,6
CCDC178,0
CCDC18,4
CCDC180,0
CCDC181,3
CCDC184,4
CCDC186,4
CCDC187,2
CCDC189,2
CCDC191,9
CCDC192,4
CCDC22,6
CCDC25,0
CCDC28A,2
CCDC28B,2
CCDC3,8
CCDC30,4
CCDC32,4
CCDC33,9
CCDC38,8
CCDC39,3
CCDC42,9
CCDC43,6
CCDC47,6
CCDC50,3
CCDC51,7
CCDC56,7
CCDC57,8
CCDC59,2
CCDC6,9
CCDC61,8
CCDC62,4
CCDC63,7
CCDC65,2
CCDC66,4
CCDC68,3
CCDC69,4
CCDC71,2
CCDC73,3
CCDC77,9
CCDC78,6
CCDC8,7
CCDC80,8
CCDC82,4
CCDC83,7
CCDC85A,7
CCDC85B,2
CCDC85C,0
CCDC86,4
CCDC88A,2
CCDC88B,9
CCDC88C,1
CCDC89,6
CCDC9,7
CCDC90B,0
CCDC91,7
CCDC92,6
CCDC93,1
CCDC96,4
CCDC97,0
CCDC9B,3
CCER2,2
CCHCR1,0
CCK,6
CCL13,6
CCL14,6
CCL17,2
CCL19,3
CCL22,6
CCL24,7
CCL25,7
CCL27,6
CCL3,5
CCL4,2
CCL5,0
CCL7,0
CCL8,0
CCM2,4
CCM2L,3
CCN1,1
CCN2,3
CCN3,4
CCN4,4
CCN5,2
CCN6,1
CCNA1,7
CCNA2,9
CCNB1IP1,3
CCNB2,0
CCNB3,6
CCNC,0
CCND1,5
CCND2,1
CCND3,2
CCNDBP1,6
CCNE1,4
CCNE2,6
CCNF,6
CCNG1,4
CCNG2,4
CCNH,4
CCNI,9
CCNJ,8
CCNK,6
CCNL1,4
CCNL2,9
CCNO,4
CCNQ,0
CCNT1,4
CCNT2,2
CCNY,8
CCNYL1,0
CCP110,4
CCPG1,0
CCR1,1
CCR10,9
CCR2,6
CCR3,0
CCR4,6
CCR5,7
CCR6,3
CCR7,3
CCR8,0
CCRL2,0
CCS,0
CCSAP,9
CCSER1,7
CCSER2,6
CCT2,1
CCT3,7
CCT4,0
CCT5,2
CCT6A,4
CCT6B,1
CCT8,6
CCT8L2,2
CD101,2
CD109,5
CD151,3
CD160,2
CD163,6
CD164,2
CD164L2,3
CD177,7
CD180,6
CD19,2
CD1A8,4
CD1C,1
CD2,6
CD200,3
CD209,2
CD22,4
CD226,6
CD244,4
CD248,4
CD27,3
CD274,6
CD276,2
CD28,2
CD2AP,3
CD2BP2,1
CD300E,4
CD300LG,4
CD320,6
CD34,1
CD36,0
CD37,6
CD38,0
CD3D,8
CD3E,9
CD3G,3
CD4,3
CD40,2
CD40LG,9
CD44,8
CD47,9
CD48,6
CD5,9
CD52,5
CD53,4
CD55,7
CD59,8
CD5L,0
CD6,0
CD63,7
CD68,7
CD69,8
CD7,0
CD70,7
CD72,0
CD74,2
CD79A,0
CD79B,6
CD80,0
CD81,2
CD82,2
CD83,2
CD84,4
CD86,6
CD8A,7
CD9,3
CD93,2
CD96,2
CD99L2,6
CDA,8
CDADC1,0
CDAN1,2
CDC123,6
CDC14A,2
CDC14B,2
CDC16,2
CDC20,6
CDC20B,0
CDC23,3
CDC25A,8
CDC25B,7
CDC25C,1
CDC26,0
CDC27,6
CDC34,6
CDC37,6
CDC37L1,8
CDC40,0
CDC42,4
CDC42BPA,8
CDC42BPB,0
CDC42BPG,4
CDC42EP1,2
CDC42EP2,2
CDC42EP3,1
CDC42EP5,7
CDC42SE1,0
CDC42SE2,6
CDC45,4
CDC5L,3
CDC6,6
CDC7,4
CDC73,4
CDCA2,1
CDCA3,3
CDCA4,9
CDCA5,1
CDCA7L,3
CDCA8,0
CDCP1,0
CDH1,7
CDH10,9
CDH11,3
CDH12,9
CDH13,4
CDH15,4
CDH16,9
CDH17,1
CDH18,4
CDH19,8
CDH2,2
CDH20,0
CDH22,6
CDH23,4
CDH24,4
CDH3,2
CDH4,0
CDH5,4
CDH6,7
CDH7,6
CDH8,4
CDHR1,7
CDHR4,0
CDIP1,9
CDIPT,1
CDK1,4
CDK10,4
CDK12,0
CDK13,4
CDK14,6
CDK15,5
CDK17,0
CDK18,9
CDK19,1
CDK2,2
CDK20,4
CDK2AP1,4
CDK2AP2,1
CDK3,2
CDK4,0
CDK5,4
CDK5R1,3
CDK5RAP1,3
CDK5RAP2,4
CDK5RAP3,1
CDK6,6
CDK7,4
CDK8,7
CDK9,0
CDKAL1,2
CDKL1,2
CDKL2,1
CDKL3,9
CDKL4,2
CDKL5,3
CDKN1A,4
CDKN1B,1
CDKN2A,2
CDKN2AIP,4
CDKN2AIPNL,3
CDKN2C,1
CDKN2D,4
CDKN3,6
CDNF,1
CDO1,9
CDON,7
CDPF1,7
CDR2,2
CDR2L,9
CDS1,4
CDS2,2
CDT1,0
CDV3,2
CDX1,6
CDX2,1
CDYL,4
CDYL2,6
CE10,3
CEACAM1,3
CEACAM20,4
CEBPB,2
CEBPE,6
CEBPG,6
CEBPZ,1
CECR2,2
CEL,9
CELA1,4
CELF1,4
CELF2,4
CELF3,6
CELF5,6
CELSR1,2
CELSR2,2
CELSR3,8
CEMIP,4
CEMIP2,6
CENPA,2
CENPB,3
CENPE,2
CENPF,4
CENPH,6
CENPI,0
CENPJ,6
CENPK,8
CENPL,6
CENPM,7
CENPN,7
CENPO,2
CENPP,6
CENPQ,7
CENPT,6
CENPU,6
CENPV,6
CENPW,6
CEP104,4
CEP112,6
CEP120,6
CEP126,9
CEP128,4
CEP131,0
CEP135,3
CEP152,2
CEP162,6
CEP164,2
CEP170,3
CEP19,6
CEP192,2
CEP250,0
CEP290,6
CEP295,1
CEP350,4
CEP41,2
CEP44,6
CEP55,2
CEP57,7
CEP57L1,0
CEP63,4
CEP68,2
CEP70,4
CEP72,6
CEP78,6
CEP83,6
CEP85,4
CEP85L,0
CEP89,3
CEP95,6
CEP97,9
CEPT1,2
CERCAM,4
CERK,6
CERKL,7
CERS2,4
CERS3,2
CERS4,6
CERS5,9
CERS6,7
CERT1,5
CES2,0
CETN3,0
CFAP100,7
CFAP126,1
CFAP161,6
CFAP20,2
CFAP206,6
CFAP221,0
CFAP299,4
CFAP300,6
CFAP36,9
CFAP410,9
CFAP43,6
CFAP44,6
CFAP45,9
CFAP46,8
CFAP52,9
CFAP54,0
CFAP57,7
CFAP61,4
CFAP65,9
CFAP69,6
CFAP70,2
CFAP73,8
CFAP74,4
CFAP77,4
CFAP97,4
CFAP97D1,3
CFAP99,6
CFDP1,9
CFHR5,2
CFI,4
CFL1,2
CFL2,4
CFLAR,8
CFP,2
CFTR,0
CGAS,7
CGGBP1,9
CGN,2
CGNL1,3
CGRRF1,2
CHAC1,6
CHAC2,9
CHAD,4
CHAF1A,6
CHAF1B,1
CHAMP1,0
CHCHD1,9
CHCHD10,9
CHCHD2,2
CHCHD3,3
CHCHD4,4
CHCHD5,3
CHCHD7,1
CHD1,5
CHD1L,4
CHD2,9
CHD3,7
CHD4,7
CHD5,7
CHD6,0
CHD7,6
CHD8,8
CHD9,4
CHDH,4
CHEK1,2
CHERP,9
CHFR,4
CHGB,4
CHI3L1,0
CHIC1,3
CHIC2,4
CHID1,2
CHKA,4
CHKB,4
CHL1,1
CHM,6
CHMP1A,1
CHMP2A,6
CHMP2B,0
CHMP4A,7
CHMP4B,4
CHMP4C,7
CHMP6,7
CHMP7,4
CHN1,4
CHN2,6
CHODL,3
CHORDC1,3
CHP1,9
CHPF,9
CHRAC1,9
CHRD,6
CHRDL1,9
CHRDL2,4
CHRM1,0
CHRM2,0
CHRM3,2
CHRM4,6
CHRM5,7
CHRNA1,1
CHRNA3,3
CHRNA5,0
CHRNA6,1
CHRNB1,6
CHRNB2,7
CHRNB4,3
CHRNE,2
CHRNG,9
CHST10,0
CHST11,6
CHST12,0
CHST14,2
CHST3,1
CHST4,9
CHST7,4
CHST8,4
CHST9,9
CHSY1,6
CHSY3,1
CHTF18,7
CHTF8,4
CHTOP,0
CHUK,1
CIAO1,7
CIAO2A,6
CIAO2B,2
CIAO3,4
CIAPIN1,4
CIART,6
CIB1,6
CIB2,4
CIC,6
CIDEA,6
CIDEC,4
CIITA,2
CILP,7
CILP2,4
CINP,0
CIP2A,4
CIPC,3
CIR1,0
CIRBP,6
CISD2,7
CISH,7
CIT,4
CITED1,6
CITED2,6
CIZ1,6
CKAP2,1
CKAP2L,6
CKAP4,6
CKAP5,4
CKM,7
CKMT2,0
CKS1B,3
CLASP1,3
CLASP2,4
CLBA1,6
CLCA1,1
CLCA2,9
CLCC1,0
CLCF1,2
CLCN1,8
CLCN2,4
CLCN3,1
CLCN4,2
CLCN5,5
CLCN6,0
CLCN7,0
CLDN1,2
CLDN10,4
CLDN11,4
CLDN12,3
CLDN15,0
CLDN16,4
CLDN19,4
CLDN2,0
CLDN34,8
CLDN4,0
CLDN5,7
CLDN6,6
CLDN7,4
CLDN9,3
CLDND1,0
CLEC11A,9
CLEC12A,6
CLEC12B,9
CLEC14A,4
CLEC16A,2
CLEC1B,8
CLEC2B,4
CLEC2D,0
CLEC2L,0
CLEC3A,7
CLEC3B,4
CLEC4G,3
CLEC5A,0
CLEC7A,6
CLGN,0
CLHC1,9
CLIC1,8
CLIC2,1
CLIC3,2
CLIC4,2
CLIC5,1
CLIC6,3
CLINT1,6
CLIP1,4
CLIP2,6
CLIP3,0
CLIP4,0
CLK1,2
CLK2,1
CLK3,3
CLK4,4
CLMN,4
CLMP,2
CLN3,6
CLN5,6
CLN6,6
CLN8,4
CLNK,9
CLNS1A,4
CLOCK,8
CLP1,1
CLPB,8
CLPP,4
CLPTM1,0
CLPTM1L,6
CLPX,6
CLSPN,7
CLSTN2,6
CLSTN3,1
CLTA,4
CLTB,2
CLTC,1
CLTCL1,2
CLU,2
CLUAP1,4
CLUH,2
CLUL1,4
CLVS2,9
CLYBL,9
CMA1,6
CMAS,8
CMBL,6
CMC1,0
CMC2,6
CMIP,3
CMKLR1,4
CMPK1,1
CMSS1,7
CMTM2,7
CMTM3,3
CMTM4,2
CMTM6,9
CMTM7,5
CMTM8,0
CMTR1,3
CMTR2,2
CMYA5,9
CNBD2,6
CNBP,4
CNDP1,0
CNDP2,3
CNEP1R1,4
CNGA1,4
CNIH2,2
CNIH3,9
CNIH4,2
CNKSR1,6
CNKSR2,9
CNMD,6
CNN1,6
CNN2,9
CNN3,3
CNNM1,6
CNNM2,4
CNNM3,9
CNNM4,6
CNOT1,2
CNOT10,4
CNOT11,9
CNOT2,7
CNOT3,1
CNOT4,8
CNOT6,1
CNOT6L,8
CNOT7,3
CNOT8,3
CNOT9,2
CNP,6
CNPPD1,0
CNPY3,4
CNPY4,2
CNR1,8
CNR2,4
CNRIP1,6
CNST,4
CNTFR,4
CNTLN,2
CNTN1,7
CNTN2,7
CNTN3,1
CNTN4,2
CNTN5,6
CNTNAP1,9
CNTNAP2,0
CNTNAP4,0
CNTNAP5,8
CNTRL,3
CNTROB,1
COA1,6
COA6,1
COA7,0
COA8,7
COASY,4
COBL,7
COBLL1,0
COCH,4
COG1,8
COG3,7
COG4,9
COG5,6
COG6,4
COG7,6
COIL,1
COL10A1,0
COL11A1,7
COL11A2,2
COL12A1,7
COL13A1,2
COL14A1,8
COL15A1,4
COL16A1,6
COL17A1,6
COL19A1,0
COL1A1,8
COL1A2,9
COL21A1,2
COL22A1,4
COL23A1,9
COL24A1,2
COL25A1,8
COL26A1,4
COL27A1,2
COL28A1,6
COL2A1,7
COL3A1,9
COL4A1,4
COL4A2,6
COL4A3,6
COL4A4,5
COL4A5,6
COL4A6,9
COL5A1,0
COL5A2,0
COL5A3,6
COL6A1,6
COL6A3,8
COL6A5,6
COL6A6,4
COL7A1,9
COL8A2,1
COL9A1,9
COL9A2,4
COL9A3,6
COLEC10,6
COLEC11,1
COLEC12,9
COLGALT1,0
COLGALT2,8
COMMD1,2
COMMD10,7
COMMD2,0
COMMD4,4
COMMD5,2
COMMD6,4
COMMD7,6
COMMD8,6
COMMD9,1
COMP,4
COMT,6
COMTD1,0
COP1,2
COPA,5
COPB1,7
COPB2,4
COPE,8
COPG1,2
COPG2,6
COPRS,1
COPS2,3
COPS3,3
COPS4,6
COPS5,1
COPS6,6
COPS7A,2
COPS7B,4
COPZ2,7
COQ10A,4
COQ10B,6
COQ2,9
COQ3,1
COQ4,7
COQ5,4
COQ6,2
COQ7,8
COQ8A,3
COQ8B,0
COQ9,2
CORIN,3
CORO1A,0
CORO1B,3
CORO1C,1
CORO2A,2
CORO2B,4
CORO6,2
COTL1,2
COX10,6
COX11,3
COX14,6
COX15,4
COX17,9
COX18,1
COX19,3
COX20,1
COX4I1,4
COX4I2,6
COX5A,9
COX5B,6
COX6A2,4
COX7A1,7
COX7A2L,6
COX7B2,0
COX8A,0
CP,0
CPA3,4
CPA4,4
CPA5,8
CPA6,4
CPAMD8,6
CPD,1
CPE,6
CPEB2,0
CPEB3,8
CPEB4,4
CPED1,4
CPLANE1,4
CPLANE2,4
CPLX1,7
CPLX2,9
CPLX3,6
CPLX4,4
CPN1,0
CPN2,9
CPNE2,2
CPNE3,5
CPNE4,6
CPNE5,0
CPNE7,0
CPNE8,4
CPOX,6
CPPED1,2
CPQ,2
CPS1,2
CPSF1,9
CPSF2,4
CPSF3,6
CPSF4,6
CPSF6,6
CPSF7,6
CPT1A,0
CPT1B,6
CPT1C,6
CPT2,7
CPTP,4
CPVL,4
CPXM1,0
CPXM2,4
CPZ,1
CRABP2,6
CRACR2A,4
CRACR2B,6
CRADD,3
CRAMP1,9
CRAT,6
CRB1,4
CRB2,2
CRB3,6
CRBN,3
CRCP,6
CREB1,4
CREB3,1
CREB3L1,2
CREB3L3,3
CREB3L4,7
CREB5,8
CREBBP,4
CREBL2,6
CREBRF,1
CREG1,6
CREG2,6
CRELD2,2
CREM,1
CRH,8
CRHBP,0
CRHR2,4
CRIM1,6
CRIP1,8
CRIP2,9
CRIP3,4
CRIPT,0
CRISPLD1,0
CRISPLD2,7
CRK,0
CRKL,6
CRLF1,2
CRLF2,6
CRLF3,2
CRMP1,8
CRNKL1,5
CRNN,2
CROCC,1
CROCC2,1
CROT,6
CRPPA,5
CRSP-2,3
CRSP-3,1
CRTAC1,2
CRTAM,5
CRTAP,2
CRTC1,2
CRTC2,4
CRTC3,9
CRY1,7
CRY2,6
CRYAB,0
CRYBA2,0
CRYBA4,6
CRYBB1,0
CRYBG1,8
CRYBG2,6
CRYBG3,6
CRYGN,6
CRYGS,4
CRYL1,4
CRYM,8
CRYZ,3
CS,8
CSAD,7
CSDC2,6
CSDE1,8
CSE1L,9
CSF1,0
CSF1R,4
CSF2,9
CSF2RA,8
CSF2RB,4
CSF3,6
CSF3R,6
CSGALNACT1,1
CSGALNACT2,4
CSK,0
CSKMT,6
CSMD3,6
CSNK1A1,4
CSNK1D,9
CSNK1E,7
CSNK1G1,7
CSNK1G2,4
CSNK1G3,6
CSNK2A2,4
CSNK2B,0
CSPG4,6
CSPG5,1
CSPP1,2
CSRNP1,8
CSRNP2,4
CSRNP3,8
CSRP1,0
CSRP3,6
CST6,4
CST7,2
CSTA,1
CSTB,7
CSTF1,0
CSTF2,2
CSTF3,4
CT83,6
CTBP1,6
CTBP2,1
CTC1,3
CTCF,3
CTDNEP1,0
CTDP1,4
CTDSP1,9
CTDSP2,2
CTDSPL,2
CTDSPL2,9
CTF1,6
CTH,4
CTHRC1,7
CTIF,2
CTLA4,2
CTNNA1,6
CTNNA2,8
CTNNA3,2
CTNNAL1,7
CTNNB1,0
CTNNBL1,1
CTNND1,4
CTNND2,0
CTNS,4
CTPS1,4
CTPS2,6
CTR9,4
CTRL,8
CTSA,0
CTSB,3
CTSC,9
CTSD,2
CTSE,7
CTSF,9
CTSH,9
CTSK,4
CTSO,1
CTSS,3
CTSW,6
CTSZ,1
CTTN,1
CTTNBP2,7
CTTNBP2NL,4
CTU2,6
CTXN1,4
CTXN2,9
CTXND2,6
CUBN,8
CUEDC1,6
CUEDC2,6
CUL1,6
CUL2,8
CUL3,1
CUL4A,6
CUL4B,0
CUL5,6
CUL7,6
CUL9,4
CUTA,1
CUTC,6
CUX1,7
CUX2,2
CWC15,6
CWC22,6
CWC25,1
CWC27,2
CWF19L1,4
CWF19L2,1
CWH43,8
CX3CL1,1
CX3CR1,6
CXADR,2
CXCL10,1
CXCL13,0
CXCL14,7
CXCL16,6
CXCL8,6
CXCR2,4
CXCR3,8
CXCR5,4
CXCR6,7
CXHXORF38,2
CXHXORF58,0
CXXC1,6
CXXC4,1
CYB561,4
CYB561A3,1
CYB561D1,3
CYB561D2,0
CYB5D1,4
CYB5D2,4
CYB5R1,9
CYB5R2,6
CYB5R3,3
CYB5R4,6
CYB5RL,6
CYBA,3
CYBB,7
CYBC1,6
CYBRD1,9
CYC1,7
CYCS,4
CYFIP1,8
CYFIP2,4
CYGB,8
CYHR1,7
CYLD,0
CYP17A1,2
CYP19A1,3
CYP1A1,6
CYP1B1,2
CYP20A1,6
CYP21A2,9
CYP24A1,6
CYP26A1,6
CYP26B1,6
CYP27A1,6
CYP27B1,0
CYP2C18,3
CYP2J2,4
CYP2S1,9
CYP2U1,4
CYP2W1,0
CYP39A1,4
CYP3A12,4
CYP46A1,2
CYP4B1,2
CYP4F22,0
CYP51A1,2
CYP7A1,0
CYP7B1,6
CYREN,7
CYSLTR1,2
CYSLTR2,6
CYSTM1,9
CYTH1,8
CYTH2,4
CYTH3,6
CYTH4,7
CYTIP,4
CYYR1,0
CZIB,8
D2HGDH,6
DAAM1,0
DAAM2,0
DAB1,4
DAB2,0
DAB2IP,6
DACH1,2
DACT1,4
DACT2,2
DACT3,7
DAG1,3
DAGLA,5
DAGLB,6
DALRD3,9
DAP3,2
DAPK1,4
DAPK2,0
DAPK3,4
DAPL1,9
DAPP1,4
DARS2,9
DAW1,9
DAXX,4
DAZAP1,6
DAZAP2,0
DBI,6
DBN1,6
DBNDD1,9
DBNDD2,6
DBNL,2
DBP,3
DBR1,6
DBT,9
DBX2,4
DCAF1,9
DCAF10,5
DCAF11,2
DCAF12,9
DCAF13,1
DCAF15,4
DCAF16,8
DCAF17,2
DCAF4,0
DCAF5,6
DCAF6,1
DCAF7,1
DCAF8,7
DCAKD,5
DCBLD1,6
DCBLD2,4
DCC,5
DCDC2,3
DCDC2B,9
DCHS1,9
DCHS2,0
DCK,7
DCLK1,4
DCLK2,3
DCLRE1A,0
DCLRE1B,7
DCLRE1C,6
DCN,4
DCP1A,3
DCP1B,0
DCP2,9
DCPS,4
DCST1,4
DCST2,1
DCSTAMP,6
DCT,9
DCTN1,3
DCTN2,4
DCTN3,4
DCTN4,7
DCTN5,4
DCTN6,6
DCTPP1,1
DCUN1D1,4
DCUN1D2,6
DCUN1D3,4
DCUN1D4,9
DCUN1D5,3
DCX,6
DCXR,2
DDA1,4
DDAH1,6
DDAH2,6
DDB1,3
DDB2,0
DDC,0
DDHD1,6
DDHD2,6
DDIAS,6
DDIT3,8
DDIT4,6
DDIT4L,1
DDN,0
DDO,0
DDOST,6
DDR1,4
DDR2,4
DDRGK1,4
DDX1,4
DDX10,6
DDX11,4
DDX17,2
DDX18,1
DDX19A,6
DDX20,2
DDX21,1
DDX23,0
DDX24,4
DDX25,9
DDX27,1
DDX31,4
DDX39A,6
DDX39B,4
DDX3X,0
DDX4,7
DDX41,9
DDX42,6
DDX43,6
DDX46,7
DDX47,1
DDX49,6
DDX5,9
DDX50,6
DDX51,4
DDX54,0
DDX55,0
DDX56,4
DDX58,6
DDX59,1
DDX6,2
DDX60,3
DEAF1,1
DECR1,4
DECR2,8
DEDD,9
DEDD2,2
DEF6,0
DEF8,0
DEGS1,6
DEGS2,9
DEK,9
DELE1,9
DENND1A,2
DENND1B,6
DENND1C,0
DENND2A,3
DENND2C,6
DENND2D,0
DENND3,7
DENND4A,1
DENND4B,6
DENND4C,4
DENND5A,0
DENND5B,6
DENND6A,1
DENND6B,7
DENR,7
DEPDC1,6
DEPDC1B,7
DEPDC5,0
DEPDC7,3
DEPP1,2
DEPTOR,6
DERL1,7
DERL2,3
DERL3,3
DES,6
DESI1,3
DESI2,9
DET1,4
DEUP1,8
DEXI,0
DFFA,1
DFFB,7
DGAT1,4
DGAT2,0
DGCR2,7
DGKA,1
DGKB,9
DGKD,0
DGKE,2
DGKG,6
DGKH,0
DGKI,7
DGKQ,2
DGKZ,3
DGUOK,4
DHCR24,9
DHCR7,6
DHDDS,4
DHDH,8
DHH,4
DHODH,1
DHPS,6
DHRS1,1
DHRS11,6
DHRS13,0
DHRS2,4
DHRS3,4
DHRS7,3
DHRS7B,1
DHRS7C,9
DHRS9,2
DHRSX,6
DHTKD1,9
DHX15,2
DHX16,1
DHX29,6
DHX30,1
DHX32,4
DHX33,1
DHX34,4
DHX35,4
DHX36,4
DHX37,6
DHX38,1
DHX40,9
DHX57,7
DHX58,9
DHX8,6
DHX9,3
DIABLO,4
DIAPH1,0
DIAPH2,8
DIAPH3,4
DICER1,3
DIDO1,7
DIMT1,4
DIO1,7
DIO2,4
DIP2A,3
DIP2B,2
DIP2C,6
DIPK1A,6
DIPK1B,4
DIPK1C,6
DIPK2B,0
DIRAS1,3
DIS3,2
DIS3L,6
DIS3L2,6
DISC1,6
DISP1,6
DISP2,1
DISP3,6
DIXDC1,0
DKC1,6
DKK1,9
DKK2,9
DKK3,0
DKKL1,4
DLA-79,1
DLA-DMA,2
DLA-DOA,6
DLA-DQA1,8
DLA-DRA,6
DLA88,9
DLAT,4
DLC1,2
DLD,3
DLEC1,7
DLG1,9
DLG2,6
DLG3,4
DLG4,4
DLG5,9
DLGAP1,8
DLGAP2,4
DLGAP3,3
DLGAP4,6
DLGAP5,0
DLK1,6
DLK2,4
DLL1,0
DLL4,6
DLST,9
DLX1,1
DLX2,2
DLX3,2
DLX4,8
DLX5,6
DLX6,6
DMAC1,0
DMAC2,4
DMAC2L,4
DMAP1,8
DMBT1,6
DMBX1,1
DMC1,4
DMD,1
DMKN,4
DMP1,6
DMPK,6
DMRT1,4
DMRT2,9
DMRTA1,3
DMTF1,6
DMTN,2
DMWD,8
DMXL1,4
DMXL2,3
DNA2,7
DNAAF1,9
DNAAF3,2
DNAAF4,6
DNAAF5,0
DNAH1,4
DNAH10,4
DNAH11,4
DNAH14,0
DNAH17,9
DNAH2,4
DNAH3,4
DNAH5,6
DNAH6,4
DNAH7,0
DNAH8,6
DNAH9,8
DNAI1,7
DNAI2,0
DNAJA3,9
DNAJA4,7
DNAJB1,6
DNAJB11,4
DNAJB12,1
DNAJB13,1
DNAJB14,4
DNAJB2,0
DNAJB4,4
DNAJB5,2
DNAJB6,1
DNAJB9,2
DNAJC1,6
DNAJC10,4
DNAJC11,9
DNAJC12,1
DNAJC13,9
DNAJC16,7
DNAJC17,1
DNAJC18,0
DNAJC19,2
DNAJC2,6
DNAJC21,2
DNAJC22,3
DNAJC25,3
DNAJC27,1
DNAJC3,6
DNAJC30,4
DNAJC4,3
DNAJC6,4
DNAJC7,4
DNAJC8,6
DNAJC9,3
DNAL1,4
DNAL4,2
DNALI1,9
DNASE1,9
DNASE1L1,4
DNASE1L2,9
DNASE1L3,6
DNASE2,9
DNASE2B,3
DND1,4
DNER,0
DNLZ,4
DNM1,1
DNM1L,2
DNM2,7
DNM3,1
DNMBP,2
DNMT1,8
DNMT3A,1
DNMT3B,4
DNPEP,9
DNPH1,2
DNTT,9
DNTTIP1,2
DNTTIP2,4
DOC2A,2
DOC2B,3
DOCK1,2
DOCK10,8
DOCK11,6
DOCK2,7
DOCK3,6
DOCK4,0
DOCK5,0
DOCK6,2
DOCK7,0
DOCK8,4
DOCK9,9
DOHH,4
DOK1,4
DOK2,1
DOK3,0
DOK4,1
DOK5,6
DOK6,7
DOK7,1
DOLK,2
DOLPP1,3
DOP1A,4
DOP1B,2
DOT1L,0
DPAGT1,3
DPCD,6
DPEP1,6
DPEP2NB,2
DPF1,2
DPF2,6
DPF3,0
DPH1,4
DPH2,8
DPH3,4
DPH5,3
DPH6,0
DPH7,2
DPM1,9
DPM2,4
DPP10,4
DPP3,1
DPP4,6
DPP6,6
DPP7,1
DPP8,4
DPP9,9
DPPA5,1
DPT,6
DPY19L1,4
DPY19L3,0
DPY19L4,4
DPY30,2
DPYD,0
DPYS,9
DPYSL2,4
DPYSL3,0
DPYSL5,6
DQX1,0
DR1,3
DRAM1,3
DRAM2,0
DRAP1,7
DRAXIN,2
DRC3,0
DRC7,0
DRD3,7
DRG1,9
DRG2,4
DRGX,1
DROSHA,7
DRP2,6
DSCAM,4
DSCAML1,8
DSCC1,6
DSE,4
DSG2,8
DSN1,1
DSP,6
DST,2
DSTN,6
DSTYK,2
DTD2,4
DTHD1,6
DTL,0
DTNA,7
DTNBP1,7
DTWD1,6
DTX2,1
DTX3,9
DTX3L,1
DTX4,6
DTYMK,2
DUOX1,4
DUOX2,6
DUOXA1,0
DUOXA2,4
DUS1L,2
DUS2,6
DUS3L,0
DUS4L,6
DUSP1,6
DUSP10,9
DUSP11,6
DUSP13,0
DUSP14,4
DUSP15,0
DUSP16,6
DUSP19,9
DUSP2,4
DUSP22,4
DUSP26,6
DUSP3,2
DUSP5,6
DUSP6,6
DUSP8,0
DUSP9,4
DUT,3
DVL1,2
DVL2,7
DVL3,9
DXO,7
DYDC1,8
DYDC2,4
DYM,0
DYNC1H1,2
DYNC1I1,9
DYNC1I2,1
DYNC1LI1,4
DYNC1LI2,1
DYNC2H1,4
DYNC2LI1,6
DYNLL1,4
DYNLL2,2
DYNLRB1,7
DYNLRB2,9
DYNLT1,6
DYNLT3,0
DYRK1A,2
DYRK1B,0
DYRK2,4
DYRK3,3
DYRK4,1
DYSF,1
DZANK1,6
DZIP1,6
DZIP1L,9
DZIP3,1
E2F2,4
E2F3,2
E2F4,1
E2F5,0
E2F6,8
E2F7,4
E2F8,4
E4F1,4
EAF1,0
EAF2,9
EARS2,2
EBAG9,4
EBF1,6
EBF2,6
EBF3,4
EBF4,9
EBI3,1
EBNA1BP2,0
EBPL,0
ECD,9
ECE1,6
ECE2,0
ECEL1,7
ECHDC1,8
ECHDC2,4
ECHDC3,4
ECHS1,4
ECI1,6
ECI2,4
ECM1,6
ECM2,1
ECPAS,6
ECRG4,6
ECSIT,7
ECT2,7
ECT2L,7
EDA,6
EDAR,4
EDARADD,2
EDC3,6
EDC4,4
EDEM1,3
EDEM2,6
EDEM3,3
EDF1,2
EDIL3,1
EDN1,7
EDN2,7
EDN3,6
EDNRA,5
EDNRB,6
EDRF1,1
EEA1,9
EED,2
EEF1A1,6
EEF1AKMT1,3
EEF1B2,3
EEF1D,4
EEF2,7
EEF2K,9
EEFSEC,6
EEPD1,6
EFCAB1,4
EFCAB10,4
EFCAB11,9
EFCAB14,4
EFCAB2,1
EFCAB3,4
EFCAB5,2
EFCAB6,9
EFCAB7,6
EFCAB8,4
EFCC1,2
EFEMP1,1
EFEMP2,3
EFHB,2
EFHC1,4
EFHC2,7
EFHD1,4
EFHD2,1
EFL1,4
EFNA1,2
EFNA5,6
EFNB1,9
EFNB2,3
EFNB3,6
EFR3A,3
EFR3B,6
EFS,0
EFTUD2,3
EGF,4
EGFL6,6
EGFL7,0
EGFL8,5
EGFLAM,4
EGFR,0
EGLN1,3
EGLN2,6
EGLN3,6
EGR1,1
EGR2,9
EGR3,1
EGR4,6
EHBP1,2
EHBP1L1,0
EHD1,6
EHD2,8
EHD3,7
EHD4,6
EHF,9
EHHADH,8
EHMT1,4
EHMT2,6
EI24,9
EID1,9
EIF1,7
EIF1AD,3
EIF1AX,4
EIF1B,7
EIF2A,0
EIF2AK1,2
EIF2AK2,9
EIF2AK3,1
EIF2AK4,2
EIF2B1,6
EIF2B2,4
EIF2B3,9
EIF2B4,9
EIF2B5,6
EIF2D,9
EIF2S1,9
EIF2S2,2
EIF2S3,9
EIF3A,4
EIF3B,4
EIF3D,2
EIF3E,9
EIF3F,4
EIF3G,6
EIF3H,2
EIF3I,3
EIF3J,1
EIF3K,0
EIF3L,9
EIF3M,6
EIF4A1,7
EIF4A2,7
EIF4A3,1
EIF4B,7
EIF4E,7
EIF4E2,0
EIF4E3,4
EIF4EBP1,1
EIF4EBP2,1
EIF4EBP3,1
EIF4ENIF1,6
EIF4G1,6
EIF4G2,7
EIF4G3,3
EIF4H,1
EIF5A2,9
EIF5B,6
EIF6,8
EIPR1,8
ELAC1,1
ELAC2,6
ELANE,5
ELAVL2,8
ELAVL3,6
ELAVL4,0
ELF1,6
ELF2,4
ELF3,2
ELF4,8
ELF5,0
ELFN2,2
ELK1,4
ELK3,6
ELK4,2
ELL,2
ELL2,6
ELL3,6
ELMO1,6
ELMO2,0
ELMO3,0
ELMOD1,0
ELMOD2,4
ELMOD3,3
ELN,4
ELOA,6
ELOB,7
ELOC,1
ELOF1,4
ELOVL1,1
ELOVL2,4
ELOVL3,1
ELOVL4,1
ELOVL5,3
ELOVL6,1
ELP1,2
ELP2,9
ELP3,8
ELP4,6
ELP5,1
ELP6,3
ELSPBP1,9
EMB,2
EMC1,2
EMC10,8
EMC2,4
EMC3,4
EMC4,7
EMC6,2
EMC7,0
EMC8,0
EMC9,1
EMCN,2
EMD,2
EME1,4
EMG1,0
EMID1,1
EMILIN1,7
EMILIN3,2
EML1,8
EML2,8
EML3,2
EML4,4
EML5,6
EML6,7
EMP1,2
EMP2,0
EMP3,4
EMR4,2
EMSY,6
EMX2,0
ENAH,3
ENC1,0
ENDOD1,3
ENDOG,1
ENDOU,1
ENDOV,7
ENG,4
ENGASE,6
ENKD1,9
ENKUR,6
ENO1,6
ENO2,1
ENO3,6
ENO4,0
ENOPH1,6
ENOSF1,7
ENOX1,8
ENOX2,0
ENPEP,0
ENPP1,3
ENPP2,0
ENPP3,4
ENPP4,8
ENPP5,3
ENPP6,2
ENPP7,3
ENSA,6
ENTHD1,4
ENTPD1,9
ENTPD2,4
ENTPD3,2
ENTPD4,0
ENTPD5,4
ENTPD6,4
ENTPD7,4
ENTR1,3
ENY2,2
EOGT,3
EOMES,1
EP300,7
EP400,8
EPAS1,6
EPB41,0
EPB41L1,2
EPB41L2,8
EPB41L3,4
EPB41L4A,4
EPB41L4B,8
EPB41L5,4
EPB42,4
EPC1,3
EPC2,8
EPCAM,4
EPDR1,1
EPG5,2
EPGN,4
EPHA1,3
EPHA2,4
EPHA3,2
EPHA4,9
EPHA5,4
EPHA6,4
EPHA7,3
EPHB1,7
EPHB2,4
EPHB3,6
EPHB4,4
EPHB6,4
EPHX1,2
EPHX2,2
EPHX3,8
EPM2A,0
EPM2AIP1,3
EPN1,2
EPN2,0
EPN3,4
EPO,0
EPOP,6
EPOR,9
EPS15,4
EPS15L1,2
EPS8,1
EPS8L1,6
EPS8L2,1
EPS8L3,1
EPSTI1,0
EPX,6
EPYC,2
ERAL1,3
ERAP1,1
ERAP2,3
ERAS,3
ERBB2,6
ERBB3,3
ERBB4,6
ERBIN,6
ERC1,7
ERC2,4
ERCC1,4
ERCC2,2
ERCC3,6
ERCC4,4
ERCC6,6
ERCC6L,6
ERCC6L2,4
ERCC8,5
EREG,4
ERF,6
ERG,1
ERG28,2
ERGIC1,0
ERGIC2,9
ERGIC3,3
ERH,6
ERI1,2
ERI2,2
ERI3,2
ERICH1,0
ERICH2,2
ERICH3,0
ERICH4,6
ERICH6,3
ERLEC1,2
ERLIN1,9
ERLIN2,4
ERMAP,9
ERMARD,2
ERMN,0
ERMP1,0
ERN1,3
ERO1A,4
ERO1B,3
ERP27,4
ERP29,0
ERP44,6
ERRFI1,6
ESAM,0
ESCO1,1
ESCO2,4
ESD,1
ESF1,6
ESM1,4
ESPL1,2
ESPN,9
ESR1,1
ESR2,4
ESRP1,3
ESRP2,6
ESRRA,2
ESRRB,3
ESRRG,6
ESS2,3
ESYT1,9
ESYT2,9
ESYT3,6
ETAA1,2
ETF1,7
ETFA,1
ETFB,4
ETFBKMT,1
ETFDH,2
ETFRF1,4
ETHE1,3
ETNK1,4
ETNK2,0
ETNPPL,6
ETS1,2
ETS2,0
ETV1,2
ETV2,9
ETV3,8
ETV3L,0
ETV4,0
ETV5,5
ETV6,1
ETV7,4
EVA1A,6
EVA1B,0
EVA1C,7
EVC,1
EVC2,1
EVI2B,2
EVI5L,7
EVL,2
EVPL,2
EVX1,2
EWSR1,0
EXD1,3
EXD2,4
EXD3,1
EXO1,4
EXOC1,4
EXOC2,2
EXOC3,2
EXOC3L1,9
EXOC3L2,6
EXOC3L4,4
EXOC4,8
EXOC5,6
EXOC6,9
EXOC6B,4
EXOC7,2
EXOC8,2
EXOG,7
EXOSC1,6
EXOSC10,0
EXOSC2,2
EXOSC3,9
EXOSC4,6
EXOSC5,3
EXOSC6,7
EXOSC7,6
EXOSC8,2
EXOSC9,6
EXPH5,2
EXT1,2
EXT2,6
EXTL1,7
EXTL2,9
EXTL3,8
EYA1,5
EYA2,6
EYA3,7
EYA4,1
EZH1,4
EZH2,4
EZR,8
F11,0
F11R,7
F12,9
F13A1,7
F2,4
F2R,6
F2RL1,3
F2RL2,9
F2RL3,7
F3,4
F5,6
F8,6
FA2H,9
FAAH,1
FAAP100,6
FAAP24,4
FABP3,2
FABP4,2
FADS1,4
FADS2,9
FADS6,3
FAF1,6
FAF2,0
FAH,7
FAHD1,6
FAIM,2
FAIM2,2
FAM102A,0
FAM102B,2
FAM104A,1
FAM107A,4
FAM107B,6
FAM110A,1
FAM110B,3
FAM110C,4
FAM110D,3
FAM111B,1
FAM114A1,0
FAM114A2,6
FAM117A,7
FAM117B,8
FAM118A,4
FAM118B,8
FAM120A,7
FAM120B,7
FAM126A,7
FAM126B,4
FAM131A,0
FAM131B,0
FAM131C,0
FAM133A,4
FAM133B,6
FAM135A,6
FAM13A,9
FAM13B,6
FAM13C,8
FAM149B1,2
FAM151A,0
FAM151B,9
FAM155B,9
FAM160A1,2
FAM160A2,0
FAM160B1,4
FAM160B2,9
FAM161A,3
FAM161B,1
FAM162A,4
FAM162B,0
FAM163A,2
FAM163B,7
FAM166B,4
FAM167A,4
FAM167B,6
FAM168A,4
FAM168B,8
FAM169A,4
FAM171A1,7
FAM171A2,6
FAM171B,1
FAM172A,3
FAM174A,4
FAM177A1,6
FAM177B,0
FAM178B,7
FAM180A,7
FAM180B,6
FAM181B,4
FAM184A,0
FAM184B,0
FAM185A,6
FAM186A,4
FAM186B,6
FAM187A,8
FAM189A1,1
FAM189A2,9
FAM189B,6
FAM193A,0
FAM193B,0
FAM199X,4
FAM204A,6
FAM207A,1
FAM20A,4
FAM20B,0
FAM20C,4
FAM210A,2
FAM210B,4
FAM214A,6
FAM214B,1
FAM216A,0
FAM216B,9
FAM217A,6
FAM217B,9
FAM219A,6
FAM219B,0
FAM221A,0
FAM221B,1
FAM222A,6
FAM222B,8
FAM227A,0
FAM227B,6
FAM229A,8
FAM229B,3
FAM234A,4
FAM234B,4
FAM237A,0
FAM241A,6
FAM32A,6
FAM3A,7
FAM3B,1
FAM3C,9
FAM3D,0
FAM43A,9
FAM50A,1
FAM53A,2
FAM53B,6
FAM71E1,0
FAM71F1,4
FAM71F2,4
FAM76A,4
FAM76B,0
FAM78A,9
FAM78B,4
FAM81A,6
FAM83B,9
FAM83C,0
FAM83D,6
FAM83G,4
FAM83H,2
FAM89B,4
FAM8A1,9
FAM91A1,6
FAM98A,2
FAM98B,4
FAM98C,2
FAN1,3
FANCA,6
FANCB,0
FANCC,1
FANCD2,6
FANCE,2
FANCF,0
FANCG,6
FANCI,4
FANCL,1
FANCM,4
FANK1,6
FAP,4
FAR1,4
FAR2,0
FARP1,8
FARP2,9
FARS2,8
FARSA,2
FARSB,6
FAS,2
FASLG,4
FASN,1
FASTK,6
FASTKD1,6
FASTKD2,2
FASTKD3,7
FASTKD5,3
FAT1,4
FAT2,3
FAT3,9
FAT4,4
FATE1,2
FAU,2
FAXC,4
FAXDC2,6
FBF1,9
FBH1,9
FBL,4
FBLIM1,9
FBLL1,7
FBLN1,2
FBLN2,4
FBLN5,4
FBLN7,3
FBN1,6
FBN2,9
FBN3,6
FBP1,6
FBP2,4
FBRS,2
FBRSL1,1
FBXL12,6
FBXL13,1
FBXL14,9
FBXL15,6
FBXL16,1
FBXL17,6
FBXL18,2
FBXL19,4
FBXL2,0
FBXL20,6
FBXL3,4
FBXL4,2
FBXL5,7
FBXL6,2
FBXL7,6
FBXO10,2
FBXO11,2
FBXO15,6
FBXO17,1
FBXO2,2
FBXO21,7
FBXO24,1
FBXO25,4
FBXO27,6
FBXO28,2
FBXO3,2
FBXO30,3
FBXO31,7
FBXO32,0
FBXO33,6
FBXO34,2
FBXO36,8
FBXO38,0
FBXO4,4
FBXO40,0
FBXO41,1
FBXO42,2
FBXO43,7
FBXO45,2
FBXO46,4
FBXO47,3
FBXO48,0
FBXO5,0
FBXO6,4
FBXO7,6
FBXO8,2
FBXO9,7
FBXW11,0
FBXW12,6
FBXW2,4
FBXW4,4
FBXW5,4
FBXW7,4
FBXW8,0
FBXW9,6
FCER1A,4
FCER1G,7
FCER2,3
FCGR1A,6
FCGRT,9
FCHO1,1
FCHO2,4
FCHSD1,7
FCHSD2,2
FCMR,4
FCRL1,0
FCRL2,2
FCRL4,0
FCRL5,9
FCRLA,6
FCSK,0
FDFT1,4
FDPS,4
FDX1,4
FDXR,6
FECH,6
FEM1A,0
FEM1B,0
FEM1C,6
FEN1,9
FER,0
FER1L5,4
FER1L6,8
FERMT1,4
FERMT2,2
FERMT3,6
FES,8
FEZ1,0
FEZ2,3
FFAR2,9
FFAR4,0
FGD1,4
FGD2,2
FGD3,1
FGD4,3
FGD5,6
FGD6,6
FGF1,3
FGF10,9
FGF11,4
FGF12,6
FGF14,1
FGF16,6
FGF17,0
FGF18,4
FGF19,2
FGF21,3
FGF22,4
FGF23,1
FGF3,4
FGF5,4
FGF7,1
FGF8,3
FGF9,3
FGFBP3,4
FGFR1,2
FGFR1OP2,7
FGFR2,5
FGFR3,6
FGFR4,7
FGFRL1,6
FGG,8
FGGY,4
FGL1,2
FGL2,0
FGR,0
FH,4
FHAD1,6
FHDC1,0
FHIT,8
FHL1,4
FHL2,4
FHL3,2
FHL5,7
FHOD1,7
FHOD3,9
FIBCD1,9
FIBIN,2
FIBP,6
FICD,2
FIG4,0
FIGN,2
FIGNL1,2
FILIP1L,4
FIP1L1,4
FIS1,4
FITM1,9
FITM2,4
FIZ1,4
FKBP10,0
FKBP11,4
FKBP15,3
FKBP1A,9
FKBP1B,6
FKBP2,2
FKBP3,6
FKBP4,9
FKBP5,6
FKBP7,2
FKBP9,2
FKBPL,4
FKRP,3
FKTN,4
FLACC1,0
FLAD1,2
FLCN,4
FLI1,2
FLII,8
FLNA,0
FLNB,7
FLNC,7
FLOT1,3
FLRT1,6
FLRT2,6
FLRT3,6
FLT1,6
FLT3,4
FLT3LG,4
FLT4,4
FLVCR1,3
FLVCR2,9
FLYWCH1,2
FLYWCH2,2
FMC1,9
FMN1,3
FMN2,0
FMNL1,4
FMNL2,0
FMNL3,7
FMO2,5
FMO3,8
FMO4,6
FMO5,8
FMOD,6
FMR1,7
FN1,6
FN3K,0
FN3KRP,3
FNBP1,9
FNBP1L,8
FNBP4,6
FNDC1,1
FNDC11,7
FNDC3A,4
FNDC3B,8
FNDC4,3
FNDC5,0
FNDC7,9
FNDC9,5
FNIP1,4
FNIP2,4
FNTA,3
FOCAD,6
FOS,6
FOSB,7
FOSL1,2
FOSL2,2
FOXA1,2
FOXA2,2
FOXA3,8
FOXC2,0
FOXD3,9
FOXF1,1
FOXF2,4
FOXJ1,6
FOXJ2,4
FOXJ3,2
FOXK1,2
FOXK2,2
FOXL1,4
FOXM1,7
FOXN2,6
FOXN3,3
FOXN4,1
FOXO1,9
FOXO3,0
FOXO4,4
FOXP1,6
FOXP2,6
FOXP3,6
FOXP4,6
FOXRED1,1
FOXRED2,4
FOXS1,7
FPGS,6
FPGT,8
FPR2,4
FRA10AC1,4
FRAS1,8
FREM1,4
FREM2,7
FRG1,2
FRK,9
FRMD3,1
FRMD4A,6
FRMD4B,0
FRMD5,6
FRMD6,6
FRMD7,1
FRMD8,3
FRMPD1,7
FRMPD3,4
FRMPD4,7
FRRS1,2
FRRS1L,4
FRS2,1
FRS3,9
FRY,6
FRYL,2
FRZB,6
FSCB,0
FSCN1,0
FSCN2,3
FSD1,6
FSD1L,9
FSD2,6
FSIP1,4
FST,2
FSTL1,7
FSTL3,2
FSTL4,2
FSTL5,9
FTH1,7
FTL,9
FTO,9
FTSJ1,6
FTSJ3,3
FUBP3,0
FUCA1,6
FUCA2,1
FUNDC1,4
FUNDC2,8
FURIN,7
FUS,0
FUT1,0
FUT10,1
FUT11,4
FUT4,1
FUT8,0
FXN,0
FXR1,2
FXR2,7
FXYD1,1
FXYD4,7
FXYD5,2
FXYD6,2
FYB1,6
FYCO1,3
FYN,1
FYTTD1,4
FZD1,6
FZD10,4
FZD2,4
FZD3,6
FZD4,2
FZD5,4
FZD6,1
FZD7,4
FZD8,3
FZD9,4
FZR1,2
G0S2,6
G2E3,2
G3BP1,1
G3BP2,4
G6PC2,9
G6PC3,7
G6PD,0
GAA,4
GAB1,3
GAB2,0
GAB3,4
GABARAP,6
GABARAPL1,9
GABARAPL2,1
GABBR1,4
GABBR2,6
GABPA,4
GABPB1,0
GABPB2,7
GABRA1,5
GABRA2,9
GABRA3,6
GABRA4,0
GABRA5,8
GABRB1,6
GABRB2,7
GABRB3,6
GABRD,6
GABRE,7
GABRG1,2
GABRQ,8
GABRR2,2
GAD1,6
GAD2,3
GADD45A,4
GADD45B,6
GADD45G,2
GADD45GIP1,4
GADL1,3
GAK,7
GAL3ST1,3
GAL3ST2,6
GAL3ST3,0
GAL3ST4,4
GALC,1
GALE,1
GALK1,9
GALK2,0
GALM,3
GALNS,0
GALNT1,6
GALNT10,1
GALNT11,9
GALNT12,1
GALNT13,7
GALNT14,3
GALNT15,4
GALNT17,2
GALNT18,4
GALNT2,4
GALNT3,1
GALNT5,6
GALNT6,4
GALNTL6,4
GALR1,1
GALR2,6
GALT,1
GAN,0
GANAB,1
GANC,9
GAP43,4
GAPDH,8
GAPT,4
GAPVD1,1
GAR1,9
GAREM1,6
GAREM2,4
GARNL3,4
GAS1,0
GAS2,5
GAS2L1,0
GAS2L2,2
GAS2L3,6
GAS6,0
GAS7,4
GAS8,5
GASK1A,2
GASK1B,6
GATA1,3
GATA2,4
GATA3,0
GATA4,3
GATA5,3
GATAD1,7
GATAD2A,6
GATAD2B,9
GATB,6
GATM,7
GBA,4
GBA2,7
GBE1,6
GBF1,8
GBGT1,3
GBP1,4
GBP6,9
GBX2,2
GCA,8
GCAT,6
GCC1,0
GCC2,6
GCDH,2
GCFC2,4
GCG,8
GCH1,1
GCHFR,6
GCKR,9
GCLC,3
GCM1,0
GCN1,6
GCNA,6
GCNT2,2
GCNT4,8
GCSAM,6
GCSAML,0
GCSH,1
GDA,1
GDAP1,2
GDAP1L1,6
GDAP2,4
GDE1,3
GDF10,9
GDF11,6
GDF15,7
GDF5,9
GDF6,6
GDF9,6
GDI1,6
GDI2,6
GDNF,0
GDPD1,7
GDPD2,6
GDPD3,2
GDPD5,1
GDPGP1,4
GEM,0
GEMIN2,1
GEMIN4,4
GEMIN5,8
GEMIN6,1
GEN1,3
GET3,3
GET4,4
GFAP,6
GFI1,7
GFI1B,4
GFM1,9
GFM2,6
GFOD1,2
GFOD2,1
GFPT1,3
GFPT2,4
GFRA1,3
GFRA2,6
GFRA3,7
GFRA4,4
GFY,6
GGA1,7
GGA2,4
GGA3,4
GGACT,0
GGCX,8
GGH,4
GGN,3
GGNBP2,1
GGPS1,4
GGT6,1
GH1,7
GHDC,0
GHITM,7
GHR,0
GID4,8
GID8,0
GIGYF1,0
GIGYF2,2
GIMAP1,3
GIMAP2,2
GIMAP4,6
GIMAP8,6
GIN1,2
GINM1,7
GINS1,0
GINS2,4
GINS3,1
GINS4,2
GIP,4
GIPC1,6
GIPC2,3
GIPR,3
GIT1,6
GIT2,1
GJA1,6
GJA10,4
GJA3,7
GJA5,6
GJA8,8
GJA9,1
GJB1,4
GJB2,3
GJB6,5
GJC1,0
GJC2,1
GJC3,4
GK5,6
GKAP1,0
GKN2,7
GLA,9
GLB1,5
GLB1L,0
GLB1L3,0
GLCCI1,7
GLCE,1
GLDC,9
GLDN,4
GLE1,9
GLG1,5
GLI1,6
GLI2,0
GLI3,9
GLI4,4
GLIPR1,9
GLIPR1L2,4
GLIS2,4
GLIS3,1
GLMN,8
GLMP,7
GLO1,6
GLOD4,4
GLP1R,7
GLRA2,0
GLRB,2
GLRX,2
GLRX2,6
GLRX3,3
GLRX5,0
GLS,9
GLS2,6
GLT1D1,6
GLT8D1,6
GLT8D2,6
GLUL,2
GLYAT,9
GLYATL3,4
GLYCTK,0
GLYR1,8
GM2A,4
GMDS,1
GMEB1,7
GMEB2,9
GMFB,0
GMFG,1
GMIP,9
GMNN,2
GMPPA,4
GMPPB,3
GMPR,6
GMPR2,6
GMPS,1
GNA12,3
GNA13,9
GNA14,9
GNA15,0
GNAI1,0
GNAI2,7
GNAI3,2
GNAL,2
GNAO1,2
GNAQ,4
GNAS,7
GNAT1,7
GNAT2,2
GNAZ,9
GNB1,0
GNB1L,4
GNB2,6
GNB3,6
GNB4,7
GNB5,6
GNE,6
GNG10,0
GNG11,1
GNG12,9
GNG13,6
GNG2,7
GNG3,4
GNG4,9
GNG5,9
GNGT2,6
GNL1,2
GNL2,6
GNL3,3
GNL3L,8
GNMT,2
GNPAT,2
GNPDA1,6
GNPDA2,6
GNPNAT1,6
GNPTAB,0
GNPTG,6
GNRH1,7
GNS,0
GOLGA1,0
GOLGA3,6
GOLGA4,6
GOLGA5,4
GOLGA7,0
GOLGA7B,6
GOLGB1,2
GOLIM4,4
GOLM1,2
GOLPH3,4
GOLPH3L,2
GOLT1B,6
GON7,0
GOPC,2
GORAB,0
GORASP1,0
GORASP2,9
GOSR1,3
GOT1,6
GOT2,9
GP6,3
GPA33,3
GPAA1,6
GPALPP1,4
GPAM,1
GPANK1,8
GPAT2,9
GPAT3,3
GPATCH1,1
GPATCH2,2
GPATCH2L,6
GPATCH3,4
GPATCH4,0
GPATCH8,9
GPBAR1,4
GPBP1,4
GPBP1L1,7
GPC1,2
GPC2,4
GPC3,4
GPC4,4
GPC5,7
GPC6,4
GPCPD1,0
GPD1,0
GPD1L,2
GPD2,4
GPER1,4
GPHN,4
GPI,7
GPIHBP1,0
GPLD1,9
GPM6A,8
GPM6B,7
GPN2,1
GPN3,9
GPNMB,4
GPR1,3
GPR107,6
GPR108,8
GPR119,4
GPR12,9
GPR132,3
GPR137,2
GPR137B,5
GPR137C,3
GPR141,4
GPR142,7
GPR143,6
GPR146,4
GPR15,9
GPR153,3
GPR155,7
GPR156,9
GPR157,3
GPR160,0
GPR161,5
GPR162,8
GPR171,2
GPR173,0
GPR176,1
GPR18,0
GPR180,1
GPR182,4
GPR183,6
GPR19,6
GPR3,4
GPR31,4
GPR33,3
GPR37,6
GPR39,4
GPR52,1
GPR55,0
GPR61,4
GPR63,4
GPR65,3
GPR68,9
GPR82,2
GPR83,4
GPR84,4
GPR85,1
GPR87,7
GPR88,4
GPRASP1,7
GPRASP2,7
GPRC5A,7
GPRC5B,8
GPRC5C,1
GPRC5D,7
GPRIN1,6
GPRIN3,0
GPS1,0
GPS2,7
GPSM1,9
GPSM2,6
GPSM3,4
GPT,8
GPX1,4
GPX2,7
GPX3,0
GPX8,0
GRAMD1A,6
GRAMD1B,0
GRAMD1C,0
GRAMD2A,6
GRAMD2B,2
GRAMD4,2
GRAP2,4
GRB10,7
GRB14,1
GRB2,9
GRB7,4
GREB1,6
GREB1L,3
GREM1,2
GREM2,2
GRHL1,4
GRHL2,0
GRHL3,4
GRHPR,7
GRIA1,4
GRIA2,6
GRIA3,0
GRIA4,9
GRID1,3
GRID2,1
GRID2IP,1
GRIK2,6
GRIK3,9
GRIK4,4
GRIN2A,3
GRIN2C,7
GRIN2D,4
GRINA,9
GRIP1,9
GRIP2,4
GRIPAP1,1
GRK1,4
GRK2,6
GRK3,8
GRK5,6
GRK6,3
GRK7,4
GRM2,3
GRM4,6
GRM5,9
GRM7,3
GRM8,6
GRN,0
GRP,3
GRPEL1,3
GRPR,9
GRSF1,4
GRTP1,3
GRWD1,9
GRXCR2,1
GSAP,7
GSC,7
GSDMA,6
GSDMD,2
GSDME,3
GSE1,1
GSG1L,1
GSK3B,0
GSKIP,2
GSN,1
GSPT1,0
GSPT2,2
GSR,4
GSS,0
GSTA4,9
GSTCD,6
GSTO1,6
GSTO2,3
GSTP1,1
GSTZ1,4
GSX2,5
GTDC1,4
GTF2A1,1
GTF2A1L,7
GTF2A2,4
GTF2B,9
GTF2E1,9
GTF2E2,4
GTF2F1,4
GTF2F2,3
GTF2H1,6
GTF2H3,6
GTF2H5,6
GTF2I,6
GTF2IRD1,6
GTF3A,2
GTF3C1,0
GTF3C2,0
GTF3C3,3
GTF3C4,4
GTPBP1,2
GTPBP10,6
GTPBP2,3
GTPBP3,7
GTPBP4,2
GTPBP6,6
GTPBP8,4
GTSE1,4
GUCA1A,7
GUCA1B,6
GUCY1A1,4
GUCY1A2,0
GUCY1B1,6
GUCY2D,0
GUF1,7
GUK1,9
GULP1,7
GUSB,3
GVQW3,7
GXYLT1,8
GXYLT2,4
GYG1,9
GYG2,3
GYPA,3
GYPC,4
GYS1,6
GZF1,9
GZMA,4
GZMB,6
GZMK,1
H6PD,0
HAAO,6
HABP4,6
HACD1,9
HACD2,2
HACD3,6
HACD4,2
HACE1,7
HADH,2
HADHA,4
HAGH,0
HAGHL,4
HAL,9
HAND1,2
HAND2,3
HAO1,0
HAO2,1
HAP1,8
HAPLN1,9
HAPLN3,4
HAPLN4,6
HARBI1,0
HARS2,0
HAS1,0
HAS2,6
HAS3,4
HASPIN,1
HAT1,0
HAUS1,6
HAUS2,2
HAUS3,6
HAUS5,4
HAUS6,2
HAUS7,0
HAUS8,7
HAVCR1,4
HAVCR2,6
HAX1,9
HBEGF,2
HBM,3
HBP1,3
HBS1L,2
HCAR1,1
HCCS,1
HCFC1,3
HCFC1R1,6
HCFC2,6
HCK,1
HCLS1,2
HCN1,9
HCN2,6
HCN3,9
HCN4,9
HCRTR1,6
HCRTR2,3
HCST,4
HDAC1,0
HDAC10,1
HDAC11,2
HDAC2,0
HDAC3,6
HDAC4,0
HDAC5,4
HDAC6,2
HDAC7,9
HDAC8,7
HDAC9,7
HDC,2
HDDC2,3
HDDC3,7
HDGF,2
HDGFL2,2
HDGFL3,7
HDHD2,9
HDHD3,3
HDHD5,6
HDLBP,3
HDX,7
HEATR1,6
HEATR3,4
HEATR5A,7
HEATR5B,3
HEATR6,2
HEBP2,4
HECA,2
HECTD1,1
HECTD2,4
HECTD3,6
HECTD4,4
HECW1,2
HECW2,3
HEG1,7
HELB,6
HELLS,1
HELQ,3
HELT,4
HELZ,2
HELZ2,2
HEMGN,9
HEMK1,7
HENMT1,4
HEPACAM2,0
HEPH,7
HEPHL1,1
HERC1,7
HERC2,4
HERC3,4
HERC4,2
HERC6,1
HERPUD1,0
HERPUD2,7
HES2,1
HES4,5
HEXB,0
HEXD,6
HEXIM1,4
HEXIM2,9
HEY1,4
HFE,3
HFM1,7
HGD,7
HGF,2
HGFAC,0
HGS,4
HGSNAT,6
HHAT,6
HHATL,6
HHEX,6
HHIP,8
HHIPL2,3
HIBCH,4
HIC1,2
HIC2,1
HID1,0
HIF1A,9
HIF1AN,4
HIF3A,0
HIGD1B,4
HIKESHI,3
HINFP,1
HINT2,0
HIP1,4
HIP1R,8
HIPK1,2
HIPK2,6
HIPK3,0
HIRA,7
HIRIP3,3
HIVEP1,6
HIVEP2,6
HIVEP3,9
HJURP,6
HJV,0
HK1,1
HK2,0
HK3,2
HKDC1,9
HLCS,6
HLF,4
HLTF,7
HLX,6
HM13,7
HMBOX1,7
HMBS,1
HMCES,9
HMCN1,6
HMCN2,0
HMG20A,7
HMG20B,4
HMGA1,3
HMGB1,0
HMGB2,6
HMGB3,4
HMGCL,1
HMGCLL1,0
HMGCR,6
HMGCS1,3
HMGN1,0
HMGN3,1
HMGN4,6
HMGXB3,1
HMGXB4,7
HMMR,3
HMOX1,6
HMOX2,0
HMX1,9
HNF1A,9
HNF1B,7
HNF4A,0
HNF4G,6
HNMT,6
HNRNPA0,0
HNRNPA2B1,9
HNRNPA3,6
HNRNPAB,1
HNRNPD,6
HNRNPDL,1
HNRNPF,0
HNRNPH1,3
HNRNPH2,6
HNRNPH3,5
HNRNPK,0
HNRNPL,2
HNRNPLL,6
HNRNPM,3
HNRNPR,4
HNRNPU,6
HNRNPUL1,6
HOGA1,4
HOMER1,6
HOMER3,6
HOMEZ,4
HOOK1,4
HOOK2,3
HOOK3,7
HOPX,7
HORMAD1,7
HORMAD2,2
HOXA1,4
HOXA10,9
HOXA11,0
HOXA13,8
HOXA2,8
HOXA3,4
HOXA4,8
HOXA5,6
HOXA6,1
HOXA7,0
HOXA9,4
HOXB13,7
HOXB2,7
HOXB3,0
HOXB4,6
HOXB5,6
HOXB6,4
HOXB7,6
HOXB8,1
HOXB9,1
HOXC11,3
HOXC12,0
HOXC13,9
HOXC4,9
HOXC5,4
HOXC6,7
HOXC8,4
HOXD1,2
HOXD10,2
HOXD11,8
HOXD12,0
HOXD3,2
HP1BP3,4
HPCA,1
HPCAL1,0
HPCAL4,7
HPD,0
HPDL,7
HPF1,0
HPGD,3
HPGDS,2
HPN,1
HPRT1,9
HPS1,6
HPS3,6
HPS4,4
HPS5,6
HPS6,3
HPSE,2
HPSE2,6
HR,2
HRAS,1
HRC,6
HRCT1,2
HRH1,4
HRH2,6
HRH3,0
HRH4,9
HS1BP3,0
HS3ST2,0
HS3ST3A1,2
HS3ST5,7
HS6ST1,4
HS6ST2,4
HS6ST3,9
HSBP1,4
HSBP1L1,7
HSCB,2
HSD11B1,0
HSD11B1L,2
HSD11B2,9
HSD17B1,4
HSD17B10,6
HSD17B12,6
HSD17B13,0
HSD17B14,5
HSD17B4,2
HSD17B6,4
HSD17B7,0
HSD3B2,5
HSD3B7,3
HSDL1,3
HSDL2,4
HSF1,8
HSF2,4
HSF2BP,7
HSF4,3
HSF5,6
HSH2D,4
HSP90AA1,6
HSP90AB1,6
HSP90B1,3
HSPA12A,6
HSPA12B,7
HSPA13,4
HSPA14,6
HSPA2,0
HSPA4,1
HSPA4L,4
HSPA5,1
HSPA8,3
HSPA9,1
HSPB1,2
HSPB11,0
HSPB2,6
HSPB3,9
HSPB6,6
HSPB7,3
HSPB8,9
HSPBAP1,4
HSPBP1,2
HSPG2,4
HSPH1,3
HTATIP2,2
HTATSF1,9
HTR1F,4
HTR2A,3
HTR2B,0
HTR3A,9
HTR3B,8
HTR4,9
HTR5A,4
HTR6,9
HTRA1,6
HTRA2,6
HTRA3,3
HTRA4,3
HTT,6
HUNK,6
HUWE1,4
HVCN1,3
HYAL1,6
HYAL2,6
HYAL3,6
HYDIN,8
HYI,0
HYKK,6
HYLS1,4
HYOU1,0
HYPK,2
IAH1,2
IARS2,1
IBA57,3
IBSP,1
IBTK,6
ICA1,8
ICA1L,9
ICAM1,2
ICAM2,1
ICAM3,9
ICAM5,6
ICE1,6
ICE2,6
ICOS,0
ID1,2
ID3,6
ID4,4
IDE,4
IDH1,4
IDH2,2
IDH3A,2
IDH3G,4
IDNK,8
IDO1,7
IDO2,2
IDS,4
IDUA,2
IER2,9
IER3,1
IER5,3
IER5L,4
IFFO1,3
IFFO2,4
IFGGB2,6
IFI30,9
IFI35,6
IFI44,1
IFI44L,2
IFI6,6
IFIT2,6
IFIT3,3
IFIT5,4
IFITM10,0
IFNG,6
IFNGR1,6
IFNLR1,8
IFRD1,8
IFRD2,6
IFT122,6
IFT172,4
IFT20,6
IFT22,6
IFT27,3
IFT43,1
IFT46,6
IFT52,6
IFT57,2
IFT74,6
IFT81,1
IFT88,2
IGBP1,4
IGDCC3,4
IGDCC4,3
IGF1,9
IGF1R,2
IGF2,6
IGF2BP1,8
IGF2BP2,6
IGF2BP3,8
IGF2R,2
IGFALS,4
IGFBP2,2
IGFBP3,3
IGFBP4,0
IGFBP5,1
IGFBP6,6
IGFBP7,6
IGFLR1,4
IGLON5,2
IGSF1,4
IGSF10,6
IGSF11,7
IGSF21,4
IGSF22,4
IGSF3,2
IGSF5,9
IGSF6,2
IGSF8,6
IGSF9,4
IGSF9B,6
IK,6
IKBIP,8
IKBKB,3
IKBKE,8
IKBKG,4
IKZF1,6
IKZF2,2
IKZF3,0
IKZF4,0
IKZF5,1
IL10,6
IL10RA,3
IL10RB,1
IL11,2
IL12A,4
IL12B,4
IL12RB1,6
IL12RB2,2
IL13,8
IL13RA1,4
IL13RA2,4
IL15,0
IL15RA,4
IL16,4
IL17B,4
IL17RA,7
IL17RB,1
IL17RC,1
IL17RD,6
IL17RE,8
IL17REL,6
IL18,9
IL18BP,6
IL18R1,7
IL18RAP,1
IL19,2
IL1A,0
IL1B,8
IL1R1,6
IL1R2,9
IL1RAP,9
IL1RAPL1,4
IL1RL1,3
IL1RL2,3
IL1RN,0
IL20RA,8
IL20RB,9
IL21,9
IL21R,7
IL22RA2,6
IL23A,3
IL23R,8
IL25,5
IL27,2
IL27RA,3
IL2RA,6
IL2RB,4
IL2RG,1
IL31RA,1
IL33,6
IL34,0
IL36G,3
IL37,9
IL3RA,8
IL4I1,1
IL4R,4
IL5,4
IL5RA,9
IL6,5
IL6R,0
IL6ST,2
IL7,8
IL7R,1
ILDR1,1
ILDR2,6
ILF2,2
ILF3,9
ILK,0
ILKAP,3
ILRUN,4
ILVBL,6
IMMP1L,6
IMMT,6
IMP3,2
IMPA1,6
IMPA2,6
IMPACT,7
IMPDH1,3
IMPDH2,1
IMPG1,6
IMPG2,6
INA,2
INAFM2,4
INCA1,7
INCENP,7
ING1,9
ING2,1
ING3,6
ING4,1
ING5,4
INHA,2
INHBA,2
INHBB,9
INHBC,6
INHBE,6
INIP,6
INKA1,2
INO80,4
INO80C,1
INO80D,2
INO80E,4
INPP1,2
INPP4A,5
INPP4B,6
INPP5A,7
INPP5B,3
INPP5D,2
INPP5E,6
INPP5F,7
INPP5J,3
INPP5K,7
INPPL1,0
INSC,2
INSIG1,5
INSIG2,6
INSR,6
INSRR,4
INSYN1,9
INSYN2A,7
INSYN2B,4
INTS1,1
INTS10,0
INTS11,4
INTS12,7
INTS13,7
INTS14,4
INTS2,6
INTS4,1
INTS5,6
INTS6,4
INTS6L,8
INTS7,0
INTS8,7
INTS9,0
INTU,1
INVS,8
IP6K1,7
IP6K2,1
IP6K3,0
IPO11,3
IPO13,6
IPO4,6
IPO5,7
IPO7,4
IPO8,4
IPO9,5
IPP,2
IPPK,6
IQCB1,3
IQCC,9
IQCD,2
IQCE,4
IQCG,9
IQCK,6
IQGAP1,4
IQGAP2,6
IQGAP3,9
IQSEC1,8
IQSEC2,4
IQSEC3,4
IQUB,3
IRAK1,4
IRAK1BP1,2
IRAK2,0
IRAK3,2
IRAK4,6
IREB2,7
IRF1,1
IRF2,4
IRF2BP1,4
IRF2BP2,2
IRF3,9
IRF4,4
IRF5,4
IRF6,4
IRF8,9
IRGQ,4
IRS2,6
IRX1,7
IRX2,9
IRX3,6
IRX5,6
IRX6,3
ISCA2,3
ISCU,0
ISG15,3
ISG20,6
ISG20L2,1
ISL1,9
ISLR,6
ISLR2,4
ISM1,0
ISOC1,2
ISOC2,6
IST1,6
ISY1,6
ITCH,1
ITFG1,3
ITFG2,4
ITGA1,2
ITGA10,2
ITGA11,6
ITGA2,1
ITGA2B,1
ITGA3,1
ITGA4,0
ITGA5,0
ITGA6,7
ITGA7,4
ITGA8,1
ITGA9,3
ITGAE,2
ITGAL,2
ITGAM,4
ITGAV,6
ITGB1,1
ITGB1BP1,8
ITGB1BP2,7
ITGB2,9
ITGB3,6
ITGB3BP,2
ITGB4,2
ITGB5,9
ITGB6,9
ITGB7,3
ITGB8,1
ITGBL1,6
ITIH2,4
ITIH3,6
ITIH4,6
ITIH5,6
ITK,2
ITM2B,4
ITM2C,0
ITPA,2
ITPK1,4
ITPKA,2
ITPKB,0
ITPKC,1
ITPR1,3
ITPR2,5
ITPR3,0
ITPRID1,8
ITPRID2,9
ITSN2,9
IVD,6
IWS1,2
IZUMO4,0
JADE1,2
JADE2,6
JADE3,9
JAG1,7
JAG2,1
JAGN1,7
JAK1,4
JAK2,6
JAK3,4
JAKMIP1,9
JAKMIP2,6
JAM3,4
JAML,0
JARID2,7
JAZF1,2
JCAD,2
JCHAIN,2
JDP2,2
JHY,9
JKAMP,6
JMJD1C,3
JMJD4,2
JMJD6,6
JMJD7,9
JMJD8,3
JMY,6
JOSD1,6
JPH1,6
JPH2,7
JPH3,3
JPH4,0
JPT1,1
JPT2,3
JRKL,6
JTB,5
JUNB,6
JUND,0
JUP,3
KALRN,8
KANK1,1
KANK2,6
KANK3,9
KANK4,9
KANSL1L,2
KANSL2,3
KANSL3,4
KAT14,3
KAT2A,3
KAT2B,2
KAT5,3
KAT6A,4
KAT6B,3
KAT7,3
KAT8,1
KATNA1,3
KATNAL1,5
KATNAL2,1
KATNB1,6
KATNBL1,1
KAZALD1,6
KBTBD12,5
KBTBD13,6
KBTBD2,9
KBTBD3,4
KBTBD4,6
KBTBD6,1
KBTBD7,3
KBTBD8,1
KCMF1,4
KCNA1,9
KCNA2,4
KCNA4,2
KCNA5,1
KCNA6,5
KCNA7,1
KCNAB1,7
KCNAB2,7
KCNAB3,2
KCNB1,1
KCNB2,4
KCNC1,9
KCNC2,1
KCNC4,7
KCND1,6
KCND3,6
KCNE2,6
KCNE3,6
KCNE4,8
KCNF1,0
KCNG1,1
KCNG3,6
KCNG4,3
KCNH1,6
KCNH2,6
KCNH3,0
KCNH4,9
KCNH5,3
KCNH7,2
KCNIP1,1
KCNIP2,0
KCNIP3,8
KCNIP4,0
KCNJ10,5
KCNJ11,1
KCNJ12,1
KCNJ14,6
KCNJ15,3
KCNJ16,9
KCNJ2,6
KCNJ3,2
KCNJ4,7
KCNJ5,1
KCNJ6,9
KCNJ8,2
KCNJ9,0
KCNK1,2
KCNK10,1
KCNK12,3
KCNK13,7
KCNK15,2
KCNK16,6
KCNK2,2
KCNK3,2
KCNK4,6
KCNK5,9
KCNK6,8
KCNK7,8
KCNMA1,9
KCNMB1,6
KCNMB2,2
KCNMB3,0
KCNN1,8
KCNN2,4
KCNN3,6
KCNN4,6
KCNQ1,6
KCNQ2,2
KCNQ3,2
KCNQ4,0
KCNQ5,3
KCNS1,9
KCNS3,7
KCNT1,1
KCNU1,6
KCNV1,0
KCP,2
KCTD1,4
KCTD10,0
KCTD12,4
KCTD13,2
KCTD15,7
KCTD16,0
KCTD17,1
KCTD18,4
KCTD19,6
KCTD2,2
KCTD20,6
KCTD21,0
KCTD3,3
KCTD4,4
KCTD5,2
KCTD6,3
KCTD8,6
KCTD9,7
KDELR2,1
KDELR3,1
KDF1,6
KDM1A,2
KDM1B,0
KDM2A,2
KDM2B,6
KDM3A,0
KDM3B,2
KDM4A,8
KDM4B,4
KDM4C,6
KDM5A,0
KDM5B,0
KDM5C,9
KDM6A,4
KDM6B,0
KDM7A,9
KDM8,7
KDR,3
KDSR,4
KEAP1,0
KEL,6
KERA,9
KHDC4,2
KHDRBS1,9
KHDRBS3,2
KHK,1
KHNYN,4
KHSRP,0
KIAA0040,6
KIAA0100,4
KIAA0232,2
KIAA0319,4
KIAA0319L,4
KIAA0513,1
KIAA0586,2
KIAA0753,6
KIAA0825,6
KIAA0895,6
KIAA0930,3
KIAA1109,6
KIAA1143,2
KIAA1191,6
KIAA1210,3
KIAA1217,1
KIAA1328,6
KIAA1549,2
KIAA1549L,3
KIAA1614,0
KIAA1671,0
KIAA1755,4
KIAA1841,8
KIAA1958,3
KIAA2012,6
KIAA2013,3
KIAA2026,4
KIDINS220,7
KIF11,6
KIF12,0
KIF13A,1
KIF13B,2
KIF14,4
KIF15,2
KIF16B,6
KIF17,3
KIF18A,2
KIF18B,8
KIF19,1
KIF1A,0
KIF1B,3
KIF1C,4
KIF20A,3
KIF20B,1
KIF21A,7
KIF21B,1
KIF22,4
KIF23,6
KIF24,4
KIF25,6
KIF26A,6
KIF26B,7
KIF27,4
KIF2A,2
KIF2C,9
KIF3A,0
KIF3C,9
KIF4A,7
KIF5A,6
KIF5B,9
KIF5C,1
KIF6,6
KIF7,4
KIF9,6
KIFAP3,0
KIFC1,6
KIFC2,6
KIFC3,6
KIN,3
KIRREL1,7
KIRREL2,6
KIRREL3,4
KIT,4
KITLG,3
KIZ,9
KL,4
KLB,6
KLC2,8
KLC3,4
KLC4,7
KLF1,1
KLF10,8
KLF11,2
KLF12,2
KLF14,1
KLF15,6
KLF3,4
KLF4,8
KLF5,6
KLF6,0
KLF7,2
KLF8,6
KLF9,0
KLHDC1,6
KLHDC10,3
KLHDC2,6
KLHDC3,6
KLHDC4,6
KLHDC8A,0
KLHDC8B,6
KLHDC9,0
KLHL11,4
KLHL13,2
KLHL14,3
KLHL15,2
KLHL17,0
KLHL18,3
KLHL2,1
KLHL20,6
KLHL21,3
KLHL22,4
KLHL23,4
KLHL24,0
KLHL25,4
KLHL26,7
KLHL28,8
KLHL29,0
KLHL3,6
KLHL30,1
KLHL31,4
KLHL32,6
KLHL34,2
KLHL35,6
KLHL36,3
KLHL38,2
KLHL4,4
KLHL40,4
KLHL41,1
KLHL42,8
KLHL5,6
KLHL6,0
KLHL8,3
KLHL9,1
KLK1,4
KLK10,3
KLK12,3
KLK13,2
KLK2,7
KLK4,6
KLRA1,4
KLRB1,3
KLRD1,0
KLRF1,9
KLRG1,2
KLRK1,4
KMO,0
KMT2A,0
KMT2B,4
KMT2C,8
KMT2D,0
KMT2E,4
KMT5A,4
KMT5B,0
KMT5C,4
KNCN,0
KNL1,0
KNOP1,6
KNSTRN,0
KNTC1,0
KPNA1,8
KPNA3,2
KPNA4,4
KPNA5,6
KPNA6,6
KPNA7,6
KPNB1,6
KPTN,6
KRAS,0
KRBA1,4
KRBA2,3
KREMEN1,4
KRI1,7
KRIT1,0
KRR1,7
KRT10,0
KRT14,3
KRT18,9
KRT20,9
KRT222,3
KRT23,3
KRT24,4
KRT25,6
KRT27,4
KRT39,9
KRT80,0
KRTCAP2,2
KRTCAP3,7
KSR1,4
KSR2,6
KTI12,1
KTN1,0
KXD1,9
KY,4
KYAT1,1
KYAT3,2
KYNU,4
L1CAM,2
L1TD1,3
L2HGDH,4
L3HYPDH,0
L3MBTL1,8
L3MBTL2,4
L3MBTL3,0
L3MBTL4,4
LACTB,1
LACTB2,9
LAG3,9
LAMA1,8
LAMA2,0
LAMA3,1
LAMA4,1
LAMB1,3
LAMB2,1
LAMB3,6
LAMB4,4
LAMC1,6
LAMC2,4
LAMC3,6
LAMP1,3
LAMP2,2
LAMP5,0
LAMTOR1,4
LAMTOR2,0
LAMTOR3,9
LAMTOR4,4
LANCL1,7
LANCL2,7
LANCL3,2
LAP3,3
LAPTM4A,4
LAPTM4B,4
LAPTM5,6
LARGE1,1
LARGE2,4
LARP1,7
LARP1B,2
LARP4,6
LARP4B,2
LARP6,1
LARP7,4
LARS2,2
LAS1L,7
LASP1,2
LAT,6
LAT2,6
LATS1,6
LATS2,0
LAX1,7
LAYN,5
LBH,3
LBR,0
LBX1,2
LBX2,6
LCA5,1
LCK,0
LCLAT1,4
LCMT1,9
LCN15,6
LCN2,4
LCOR,4
LCORL,0
LCP1,4
LCP2,1
LCT,7
LDAH,9
LDB1,4
LDB2,1
LDB3,0
LDHB,2
LDHD,4
LDLR,7
LDLRAD3,4
LDLRAD4,2
LDLRAP1,4
LDOC1,0
LEAP2,4
LEF1,1
LEKR1,7
LEMD2,2
LEMD3,3
LENEP,2
LENG1,1
LENG8,0
LEO1,3
LEP,7
LEPR,1
LEPROT,7
LEPROTL1,4
LETM1,2
LETM2,0
LETMD1,8
LEXM,8
LFNG,6
LGALS1,9
LGALS12,4
LGALS3,7
LGALS4,0
LGALS8,3
LGALS9,1
LGALSL,4
LGI1,7
LGI2,6
LGI3,7
LGI4,4
LGMN,6
LGR4,2
LGR5,7
LGR6,0
LGSN,0
LHCGR,7
LHFPL1,7
LHFPL4,5
LHFPL6,7
LHPP,6
LHX1,0
LHX2,4
LHX4,6
LHX6,7
LHX8,0
LHX9,2
LIAS,4
LIF,1
LIFR,0
LIG1,4
LIG3,2
LIG4,2
LIMA1,6
LIMCH1,1
LIMD1,4
LIMD2,9
LIMK1,8
LIMK2,1
LIMS2,6
LIN28B,2
LIN37,2
LIN52,0
LIN54,2
LIN7A,6
LIN7B,2
LIN7C,2
LIN9,3
LINGO1,4
LINGO2,9
LINGO4,9
LINS1,6
LIPA,2
LIPC,3
LIPE,6
LIPG,3
LIPH,8
LIPI,6
LIPT1,0
LIPT2,0
LIX1,4
LIX1L,2
LLGL1,4
LLGL2,8
LLPH,0
LMAN1,1
LMAN1L,4
LMAN2,2
LMAN2L,2
LMBR1,4
LMBR1L,6
LMBRD1,6
LMBRD2,8
LMCD1,0
LMF1,3
LMLN,2
LMNA,3
LMNB1,6
LMNB2,4
LMNTD1,4
LMNTD2,9
LMO1,4
LMO2,2
LMO3,7
LMO4,6
LMO7,7
LMOD2,9
LMOD3,3
LMTK2,4
LMX1A,9
LMX1B,0
LNP1,3
LNPEP,7
LNPK,0
LNX1,3
LNX2,4
LONP1,3
LONP2,0
LONRF1,0
LONRF2,4
LONRF3,6
LOX,8
LOXHD1,4
LOXL1,4
LOXL2,3
LOXL3,2
LOXL4,2
LPAR1,0
LPAR2,4
LPAR3,4
LPAR4,7
LPCAT1,4
LPCAT2,8
LPCAT3,7
LPCAT4,6
LPGAT1,3
LPIN1,6
LPIN2,6
LPIN3,4
LPL,5
LPO,6
LPXN,0
LRAT,8
LRATD1,4
LRBA,6
LRCH1,4
LRCH2,4
LRCH3,9
LRFN1,6
LRFN2,7
LRFN4,4
LRFN5,7
LRG1,6
LRGUK,6
LRIF1,1
LRIG1,2
LRIG2,0
LRIG3,6
LRIT1,0
LRIT3,3
LRMDA,9
LRP1,1
LRP10,6
LRP11,1
LRP12,1
LRP1B,4
LRP2,4
LRP2BP,4
LRP3,9
LRP4,6
LRP5,1
LRP6,2
LRP8,6
LRPAP1,2
LRPPRC,8
LRR1,3
LRRC1,6
LRRC10B,6
LRRC14,8
LRRC14B,0
LRRC15,2
LRRC17,6
LRRC18,6
LRRC19,2
LRRC2,6
LRRC20,6
LRRC23,4
LRRC24,0
LRRC25,6
LRRC26,4
LRRC27,4
LRRC28,6
LRRC3,2
LRRC31,3
LRRC32,0
LRRC34,6
LRRC36,4
LRRC38,3
LRRC39,8
LRRC3B,3
LRRC4,4
LRRC40,0
LRRC41,2
LRRC42,3
LRRC43,1
LRRC45,7
LRRC46,2
LRRC47,7
LRRC49,8
LRRC4B,6
LRRC56,0
LRRC58,1
LRRC59,4
LRRC6,7
LRRC66,4
LRRC7,0
LRRC71,2
LRRC73,4
LRRC74B,9
LRRC75A,3
LRRC75B,4
LRRC8A,6
LRRC8B,6
LRRC8C,3
LRRC8E,9
LRRC9,7
LRRCC1,1
LRRD1,7
LRRFIP1,4
LRRFIP2,7
LRRIQ1,6
LRRIQ3,7
LRRK1,3
LRRK2,2
LRRN1,4
LRRN2,5
LRRN3,4
LRRN4,7
LRRN4CL,9
LRRTM1,8
LRRTM2,2
LRRTM3,6
LRSAM1,6
LRTM2,6
LRTOMT,4
LRWD1,2
LSAMP,8
LSG1,9
LSM1,9
LSM10,6
LSM12,2
LSM14A,3
LSM14B,6
LSM3,6
LSM4,4
LSM5,6
LSM6,0
LSM7,9
LSM8,6
LSMEM2,7
LSP1,0
LSR,1
LSS,6
LTA,9
LTA4H,4
LTB,9
LTB4R,6
LTBP1,6
LTBP2,2
LTBP3,2
LTBP4,6
LTBR,3
LTC4S,6
LTF,2
LTN1,9
LTO1,7
LTV1,2
LUC7L,0
LUC7L2,2
LUC7L3,9
LUM,2
LURAP1,6
LURAP1L,8
LUZP1,9
LUZP2,6
LUZP4,4
LVRN,4
LXN,2
LY6E,6
LY6G5B,6
LY6G5C,2
LY6G6C,3
LY6G6D,1
LY6H,4
LY86,9
LY9,1
LY96,6
LYAR,6
LYG1,4
LYN,2
LYPD1,6
LYPD3,6
LYPD5,8
LYPD6,9
LYPD8,0
LYPLAL1,0
LYRM1,2
LYRM2,4
LYRM7,1
LYSMD1,0
LYSMD2,6
LYSMD3,6
LYSMD4,9
LYST,4
LYVE1,3
LYZ,1
LYZF2,0
LZIC,2
LZTFL1,6
LZTR1,6
LZTS1,8
LZTS2,4
LZTS3,2
M1AP,4
M6PR,6
MAB21L1,4
MAB21L2,6
MAB21L3,1
MACC1,9
MACF1,4
MACO1,3
MACROD1,4
MACROD2,9
MAD1L1,0
MAD2L1BP,8
MAD2L2,7
MADD,9
MAEA,4
MAEL,4
MAF,9
MAF1,1
MAFA,9
MAFB,0
MAFF,2
MAFG,0
MAFK,8
MAG,3
MAGED2,6
MAGEE2,6
MAGEF1,1
MAGEL2,8
MAGI1,9
MAGI2,4
MAGI3,2
MAGT1,0
MAIP1,0
MAK,7
MAK16,4
MAL,1
MAL2,6
MALL,9
MALSU1,4
MALT1,1
MAMDC2,4
MAMDC4,9
MAML1,2
MAML2,0
MAML3,4
MAMLD1,6
MAMSTR,2
MAN1A1,6
MAN1A2,9
MAN1C1,7
MAN2A1,0
MAN2A2,7
MAN2C1,2
MANBA,0
MANBAL,6
MANEA,1
MANEAL,6
MANF,2
MANSC1,6
MANSC4,6
MAOA,1
MAOB,6
MAP10,6
MAP1A,4
MAP1B,2
MAP1LC3C,7
MAP1S,4
MAP2,0
MAP2K1,6
MAP2K2,3
MAP2K3,9
MAP2K4,2
MAP2K5,9
MAP2K6,7
MAP2K7,6
MAP3K1,6
MAP3K10,9
MAP3K11,3
MAP3K12,6
MAP3K13,4
MAP3K14,4
MAP3K15,9
MAP3K2,8
MAP3K20,6
MAP3K21,0
MAP3K3,3
MAP3K4,1
MAP3K5,1
MAP3K6,2
MAP3K7,4
MAP3K7CL,0
MAP3K8,6
MAP3K9,0
MAP4K1,0
MAP4K2,8
MAP4K3,1
MAP4K4,6
MAP4K5,4
MAP6,4
MAP7,0
MAP7D1,7
MAP7D2,2
MAP7D3,5
MAP9,2
MAPK1,3
MAPK10,4
MAPK12,6
MAPK13,6
MAPK14,8
MAPK15,2
MAPK1IP1L,1
MAPK3,2
MAPK4,9
MAPK6,2
MAPK7,6
MAPK8,0
MAPK8IP1,9
MAPK8IP2,7
MAPK8IP3,9
MAPK9,4
MAPKAP1,4
MAPKAPK3,4
MAPKAPK5,0
MAPKBP1,1
MAPRE2,7
MAPRE3,1
MAPT,7
MARCKS,7
MARCKSL1,4
MARCO,3
MARK1,9
MARK2,8
MARK3,9
MARK4,2
MARS2,1
MARVELD2,1
MARVELD3,4
MASP1,4
MASP2,6
MAST1,6
MAST2,0
MAST3,6
MAST4,0
MASTL,0
MAT1A,0
MAT2A,3
MAT2B,3
MATK,9
MATN2,4
MATN3,7
MATN4,0
MATR3,1
MAU2,0
MAVS,8
MAX,8
MAZ,7
MB,9
MB21D2,0
MBD1,0
MBD2,0
MBD3,4
MBD4,2
MBD5,0
MBD6,2
MBIP,6
MBLAC1,7
MBLAC2,3
MBNL1,8
MBNL2,0
MBNL3,6
MBOAT1,1
MBOAT2,6
MBOAT7,9
MBP,4
MBTD1,6
MBTPS1,4
MBTPS2,2
MC4R,6
MCAM,0
MCAT,3
MCC,1
MCCC1,0
MCCC2,6
MCEE,0
MCEMP1,4
MCF2L,6
MCF2L2,6
MCFD2,6
MCHR1,4
MCIDAS,4
MCL1,8
MCM10,8
MCM2,1
MCM3,4
MCM3AP,4
MCM4,9
MCM5,3
MCM6,3
MCM7,1
MCM8,6
MCM9,6
MCMBP,1
MCMDC2,9
MCOLN2,6
MCOLN3,6
MCPH1,1
MCRIP1,7
MCRS1,4
MCTP1,6
MCTP2,6
MCTS1,4
MCU,0
MCUB,4
MDC1,6
MDFI,3
MDFIC,6
MDGA1,4
MDGA2,8
MDH1,0
MDH1B,3
MDM1,4
MDM2,0
MDM4,4
MDN1,4
ME1,6
ME2,6
ME3,2
MEA1,1
MEAF6,2
MEAK7,3
MECOM,2
MECP2,6
MECR,6
MED1,2
MED10,6
MED11,4
MED12,9
MED12L,1
MED13,7
MED13L,0
MED14,4
MED15,6
MED16,7
MED17,3
MED18,3
MED19,7
MED20,6
MED21,2
MED23,3
MED24,7
MED25,2
MED27,4
MED28,9
MED29,0
MED30,2
MED31,6
MED4,0
MED6,4
MED7,4
MED9,2
MEDAG,8
MEF2A,0
MEF2B,0
MEF2C,4
MEF2D,8
MEFV,0
MEGF10,9
MEGF11,4
MEGF6,2
MEGF8,7
MEI1,6
MEI4,5
MEIG1,3
MEIOB,1
MEIOC,4
MEIS1,4
MEIS2,9
MEIS3,1
MELK,6
MELTF,1
MEMO1,3
MEN1,4
MEOX1,6
MEP1A,8
MEPCE,3
MEPE,6
MERTK,1
MESD,1
MESP1,6
MESP2,7
MEST,0
MET,1
METAP1,7
METAP1D,6
METAP2,4
METRNL,4
METTL1,2
METTL14,2
METTL15,0
METTL16,0
METTL18,6
METTL21A,6
METTL22,2
METTL24,7
METTL25,4
METTL26,8
METTL27,4
METTL3,0
METTL4,1
METTL5,4
METTL7A,0
METTL8,4
METTL9,1
MEX3A,4
MEX3B,4
MEX3D,8
MFAP1,4
MFAP2,4
MFAP3,2
MFAP3L,6
MFAP4,3
MFAP5,6
MFF,2
MFGE8,2
MFHAS1,6
MFN1,6
MFN2,4
MFNG,0
MFSD1,0
MFSD10,4
MFSD11,4
MFSD12,8
MFSD13A,7
MFSD14A,4
MFSD14B,0
MFSD2A,7
MFSD3,4
MFSD4A,4
MFSD4B,0
MFSD5,2
MFSD6,9
MFSD6L,8
MFSD8,6
MFSD9,4
MGA,3
MGAM,2
MGAM2,3
MGARP,4
MGAT2,4
MGAT3,9
MGAT4A,4
MGAT4B,8
MGAT4C,4
MGAT5,2
MGAT5B,4
MGLL,1
MGMT,6
MGRN1,4
MGST1,7
MGST3,3
MIA3,4
MIB1,9
MIB2,2
MICAL1,6
MICAL2,7
MICAL3,2
MICALL1,6
MICALL2,4
MICOS13,6
MICU1,8
MICU2,4
MICU3,6
MID1,0
MID1IP1,7
MID2,6
MIDN,6
MIEF1,2
MIEN1,8
MIER1,5
MIER2,4
MIER3,6
MIF4GD,4
MIIP,2
MILR1,6
MINDY1,8
MINDY2,6
MINDY3,4
MINDY4,8
MINK1,3
MINPP1,1
MIOS,2
MIOX,0
MIP,6
MIPEP,0
MIPOL1,1
MIS18A,4
MIS18BP1,4
MISP,9
MITD1,8
MITF,4
MKI67,3
MKKS,9
MKLN1,3
MKNK1,4
MKNK2,6
MKRN2,9
MKRN2OS,4
MKRN3,6
MKS1,4
MLC1,2
MLEC,2
MLF1,4
MLF2,6
MLH1,8
MLH3,6
MLIP,6
MLLT1,0
MLLT10,3
MLLT11,8
MLLT3,4
MLLT6,6
MLNR,1
MLPH,7
MLST8,2
MLX,9
MLXIP,6
MLXIPL,4
MLYCD,1
MMAA,6
MMAB,2
MMACHC,5
MMADHC,6
MMD,4
MME,6
MMEL1,0
MMP1,6
MMP11,9
MMP12,2
MMP13,0
MMP14,4
MMP15,7
MMP16,9
MMP17,5
MMP19,0
MMP2,4
MMP21,3
MMP23,3
MMP24,6
MMP25,9
MMP27,4
MMP28,8
MMP3,7
MMP8,4
MMP9,6
MMRN2,4
MMS19,7
MMS22L,3
MMUT,0
MN1,3
MNAT1,0
MND1,8
MNDA,0
MNS1,1
MNT,7
MNX1,4
MOB1A,4
MOB1B,1
MOB2,4
MOB3A,6
MOB3B,4
MOB3C,4
MOCOS,2
MOCS1,2
MOCS2,0
MOCS3,6
MOGAT1,1
MOGAT2,0
MOGAT3,2
MOGS,7
MOK,8
MON1A,6
MON1B,1
MON2,2
MORC1,1
MORC2,6
MORC3,2
MORC4,0
MORF4L1,1
MORF4L2,0
MORN1,4
MORN2,2
MORN4,6
MORN5,2
MOSMO,4
MOSPD1,2
MOSPD2,8
MOSPD3,6
MOV10,4
MOV10L1,1
MOXD1,4
MPC2,4
MPDU1,4
MPDZ,3
MPEG1,2
MPG,6
MPHOSPH10,1
MPHOSPH6,6
MPHOSPH8,6
MPHOSPH9,4
MPI,6
MPIG6B,0
MPL,7
MPLKIP,4
MPND,1
MPO,4
MPP1,6
MPP2,0
MPP3,2
MPP4,6
MPP5,8
MPP6,4
MPP7,0
MPPE1,1
MPPED1,3
MPPED2,1
MPRIP,3
MPST,7
MPV17,3
MPV17L2,4
MPZ,3
MPZL1,3
MPZL2,9
MPZL3,7
MRAP,0
MRAP2,4
MRAS,0
MRC1,2
MRC2,4
MRE11,0
MREG,1
MRGBP,4
MRGPRF,0
MRI1,8
MRM1,6
MRM2,9
MRM3,1
MRNIP,1
MROH1,9
MROH6,0
MROH8,7
MROH9,4
MRPL1,5
MRPL10,4
MRPL11,1
MRPL13,8
MRPL14,7
MRPL15,1
MRPL17,9
MRPL18,0
MRPL19,4
MRPL2,7
MRPL20,3
MRPL21,0
MRPL22,6
MRPL24,1
MRPL27,2
MRPL28,4
MRPL3,2
MRPL32,4
MRPL33,6
MRPL34,6
MRPL35,4
MRPL37,6
MRPL38,0
MRPL39,1
MRPL4,6
MRPL40,2
MRPL41,6
MRPL43,6
MRPL44,1
MRPL46,4
MRPL47,3
MRPL49,4
MRPL50,0
MRPL51,4
MRPL52,3
MRPL53,4
MRPL54,2
MRPL55,0
MRPL57,6
MRPL58,8
MRPS11,4
MRPS12,0
MRPS15,2
MRPS18A,4
MRPS18B,4
MRPS18C,2
MRPS2,1
MRPS21,0
MRPS23,6
MRPS25,1
MRPS26,1
MRPS27,6
MRPS28,1
MRPS30,8
MRPS31,3
MRPS34,7
MRPS35,6
MRPS36,2
MRPS5,1
MRPS7,2
MRPS9,4
MRRF,4
MRS2,1
MRTFA,9
MRTFB,8
MRTO4,7
MS4A1,0
MS4A13,0
MS4A2,6
MS4A7,2
MSANTD1,6
MSANTD2,1
MSANTD4,6
MSC,9
MSH2,8
MSH3,6
MSH4,0
MSH6,3
MSI1,6
MSI2,6
MSL1,6
MSL2,6
MSL3,2
MSMO1,3
MSMP,9
MSN,2
MSR1,4
MSRA,4
MSRB1,2
MSRB2,4
MSRB3,0
MSS51,0
MST1,0
MST1R,3
MSTN,6
MSTO1,3
MSX1,3
MSX2,0
MT1E,1
MT2A,6
MTA1,4
MTA2,4
MTA3,6
MTAP,4
MTBP,1
MTCH1,4
MTCH2,8
MTCL1,8
MTCP1,8
MTDH,6
MTERF1,6
MTERF2,0
MTERF3,2
MTF1,0
MTF2,4
MTFMT,2
MTFP1,4
MTFR1,6
MTFR1L,9
MTFR2,4
MTG1,9
MTG2,3
MTHFD1,2
MTHFD1L,0
MTHFD2,6
MTHFD2L,4
MTHFR,8
MTHFSD,0
MTIF2,7
MTIF3,4
MTM1,7
MTMR1,3
MTMR10,0
MTMR11,4
MTMR12,6
MTMR14,2
MTMR2,2
MTMR3,2
MTMR4,9
MTMR6,0
MTMR7,6
MTMR9,7
MTO1,8
MTOR,0
MTPAP,6
MTPN,2
MTR,6
MTRES1,6
MTREX,2
MTRF1,0
MTRF1L,4
MTRR,2
MTSS1,1
MTSS2,1
MTTP,6
MTURN,1
MTUS1,8
MTUS2,4
MTX1,2
MTX2,9
MTX3,2
MUC1,2
MUC13,3
MUC15,7
MUC20,3
MUC4,7
MUL1,1
MUS81,2
MUSK,6
MUTYH,7
MVB12A,4
MVB12B,0
MVD,4
MVK,4
MVP,0
MX2,6
MXD1,4
MXD3,9
MXD4,9
MXI1,4
MXRA5,7
MXRA8,6
MYADML2,9
MYB,1
MYBBP1A,6
MYBL1,7
MYBL2,7
MYBPC1,7
MYBPC2,2
MYBPC3,6
MYBPH,2
MYC,0
MYCBP,7
MYCBP2,3
MYCL,3
MYCT1,2
MYD88,0
MYDGF,6
MYEF2,7
MYF5,6
MYF6,9
MYH1,3
MYH10,2
MYH11,9
MYH14,4
MYH15,4
MYH2,0
MYH3,8
MYH4,9
MYH7,7
MYH7B,7
MYH8,3
MYH9,4
MYL1,1
MYL2,9
MYL3,1
MYL4,0
MYL5,8
MYL6B,2
MYL9,7
MYLIP,7
MYLK,1
MYLK2,6
MYLK3,0
MYLPF,4
MYMK,8
MYNN,6
MYO10,2
MYO16,6
MYO18A,3
MYO18B,3
MYO19,6
MYO1B,5
MYO1C,6
MYO1D,3
MYO1E,2
MYO1F,4
MYO1H,0
MYO3A,8
MYO3B,6
MYO5A,1
MYO5B,1
MYO6,6
MYO7A,0
MYO7B,4
MYO9A,4
MYO9B,3
MYOC,1
MYOCD,2
MYOF,6
MYOM1,7
MYOM3,5
MYORG,0
MYOT,6
MYOZ1,8
MYOZ2,3
MYOZ3,9
MYPN,6
MYPOP,2
MYRF,4
MYRFL,3
MYRIP,0
MYSM1,7
MZB1,4
MZF1,4
MZT1,2
N4BP1,6
N4BP2,1
N4BP2L1,7
N4BP2L2,6
N4BP3,4
N6AMT1,4
NAA10,0
NAA11,5
NAA15,3
NAA16,8
NAA20,7
NAA25,8
NAA30,0
NAA35,2
NAA38,2
NAA40,1
NAA50,1
NAALAD2,6
NAALADL1,6
NAALADL2,5
NAB1,2
NAB2,6
NABP1,6
NABP2,3
NACA,4
NACC1,0
NACC2,6
NADK,0
NADK2,6
NADSYN1,2
NAE1,4
NAGA,7
NAGLU,0
NAGPA,3
NAIF1,0
NALCN,3
NAMPT,9
NANOS3,2
NANS,1
NAP1L1,0
NAP1L2,8
NAP1L3,7
NAP1L4,1
NAP1L5,1
NAPA,4
NAPB,2
NAPEPLD,9
NAPG,2
NAPRT,6
NAPSA,1
NARF,0
NASP,6
NAT10,0
NAT14,2
NAT8L,0
NAT9,4
NAV1,1
NAV2,8
NAV3,0
NAXE,1
NBAS,7
NBEA,6
NBEAL1,2
NBEAL2,2
NBL1,9
NBN,4
NBR1,0
NCALD,4
NCAM1,7
NCAM2,6
NCAN,4
NCAPD2,0
NCAPD3,3
NCAPG,2
NCAPG2,6
NCAPH,9
NCAPH2,0
NCBP1,2
NCBP3,7
NCCRP1,4
NCDN,3
NCEH1,2
NCF2,0
NCF4,1
NCK1,6
NCK2,6
NCKAP1,2
NCKAP1L,2
NCKAP5,6
NCKAP5L,6
NCKIPSD,3
NCL,6
NCLN,0
NCOA1,9
NCOA2,6
NCOA3,9
NCOA4,0
NCOA5,9
NCOA6,4
NCOA7,4
NCOR1,2
NCOR2,1
NCR1,0
NCR3,9
NCR3LG1,0
NCS1,4
NCSTN,2
NDC80,0
NDE1,3
NDEL1,7
NDFIP1,6
NDFIP2,6
NDN,7
NDNF,6
NDOR1,1
NDP,6
NDRG1,6
NDRG2,4
NDRG3,0
NDRG4,7
NDST1,3
NDST2,7
NDST3,6
NDST4,9
NDUFA10,8
NDUFA12,1
NDUFA13,1
NDUFA2,9
NDUFA4L2,3
NDUFA6,3
NDUFA8,7
NDUFA9,4
NDUFAF1,6
NDUFAF2,4
NDUFAF3,1
NDUFAF4,0
NDUFAF5,6
NDUFAF6,0
NDUFAF7,6
NDUFAF8,1
NDUFB10,2
NDUFB11,0
NDUFB2,6
NDUFB3,7
NDUFB4,1
NDUFB5,2
NDUFB6,3
NDUFB7,2
NDUFB8,8
NDUFB9,4
NDUFS1,3
NDUFS2,6
NDUFS3,7
NDUFS4,1
NDUFS5,7
NDUFS6,6
NDUFS7,4
NDUFS8,2
NDUFV1,3
NDUFV2,0
NDUFV3,6
NEB,8
NEBL,4
NECAB1,3
NECAB3,2
NECAP1,3
NECAP2,4
NECTIN1,2
NECTIN2,1
NECTIN3,2
NECTIN4,9
NEDD1,6
NEDD4,2
NEDD4L,0
NEDD8,1
NEDD9,6
NEFH,2
NEFL,3
NEFM,3
NEGR1,0
NEIL1,6
NEIL2,1
NEIL3,1
NEK1,7
NEK10,7
NEK11,6
NEK2,4
NEK4,6
NEK6,4
NEK7,8
NEK8,0
NEK9,9
NELFA,4
NELFB,4
NELFCD,1
NELFE,6
NELL1,6
NELL2,9
NEMF,6
NEMP1,6
NEMP2,0
NENF,8
NEO1,7
NEPRO,4
NES,6
NET1,2
NETO1,3
NETO2,9
NEU1,0
NEU2,9
NEURL1,8
NEURL1B,0
NEURL2,3
NEURL3,9
NEUROG2,6
NEXMIF,7
NEXN,4
NF1,6
NF2,2
NFAM1,4
NFASC,6
NFAT5,2
NFATC1,1
NFATC2,9
NFATC2IP,2
NFATC3,6
NFATC4,6
NFE2,6
NFE2L1,6
NFE2L2,2
NFE2L3,9
NFIA,2
NFIB,1
NFIC,8
NFIL3,1
NFIX,2
NFKB1,7
NFKB2,0
NFKBIA,1
NFKBIB,6
NFKBID,3
NFKBIL1,9
NFKBIZ,4
NFRKB,4
NFX1,2
NFXL1,9
NFYA,0
NFYB,6
NFYC,0
NGB,9
NGDN,2
NGEF,6
NGF,4
NGFR,0
NGLY1,4
NGRN,0
NHEJ1,0
NHLRC1,1
NHLRC2,1
NHLRC3,4
NHP2,1
NHS,1
NHSL1,4
NHSL2,4
NIBAN1,2
NIBAN2,9
NIBAN3,1
NICN1,6
NID1,6
NID2,6
NIF3L1,4
NIFK,2
NIM1K,0
NIN,5
NINJ1,3
NINJ2,0
NINL,3
NIP7,3
NIPA1,6
NIPA2,1
NIPAL1,9
NIPAL2,0
NIPAL3,4
NIPAL4,3
NIPBL,6
NIPSNAP1,9
NIPSNAP2,1
NISCH,6
NIT1,6
NIT2,2
NKAIN1,1
NKAIN2,0
NKAIN3,5
NKAIN4,3
NKAP,4
NKAPD1,2
NKAPL,4
NKD1,2
NKD2,0
NKIRAS1,9
NKIRAS2,6
NKPD1,2
NKRF,0
NKTR,3
NKX2-2,4
NKX2-3,1
NKX2-5,6
NKX3-1,6
NKX3-2,1
NKX6-1,0
NLE1,9
NLGN1,4
NLGN2,7
NLGN3,6
NLK,6
NLN,0
NLRC5,9
NLRP1,2
NLRP14,8
NLRP3,6
NLRX1,2
NMB,2
NMBR,2
NMD3,1
NME1,1
NME2,4
NME5,1
NME6,9
NME7,1
NME8,7
NME9,1
NMI,6
NMNAT1,2
NMNAT2,1
NMNAT3,7
NMRAL1,2
NMRK1,4
NMS,1
NMT1,9
NMT2,2
NMU,3
NMUR1,1
NMUR2,1
NNAT,4
NNMT,7
NNT,4
NOA1,1
NOB1,9
NOC2L,4
NOC3L,1
NOC4L,6
NOCT,7
NOD1,4
NOD2,0
NODAL,4
NOL10,1
NOL11,1
NOL4,4
NOL4L,0
NOL6,6
NOL8,9
NOL9,0
NOLC1,4
NOM1,4
NONO,4
NOP10,6
NOP14,4
NOP16,0
NOP2,7
NOP53,3
NOP56,8
NOP58,1
NOP9,4
NOS1,8
NOS2,4
NOS3,4
NOSIP,4
NOSTRIN,4
NOTCH1,6
NOTCH2,2
NOTCH3,7
NOTCH4,4
NOTUM,2
NOVA1,6
NOVA2,0
NOX1,0
NOX4,6
NOX5,3
NOXA1,0
NOXRED1,6
NPAS1,4
NPAS2,7
NPAS4,1
NPAT,4
NPBWR1,7
NPC1,6
NPC2,4
NPDC1,9
NPEPL1,3
NPEPPS,6
NPFFR1,4
NPHP1,4
NPHP3,7
NPHP4,1
NPHS2,1
NPL,6
NPLOC4,0
NPM1,1
NPNT,3
NPPC,4
NPR1,8
NPR2,7
NPR3,6
NPRL2,2
NPRL3,6
NPTN,7
NPTX1,4
NPTX2,9
NPTXR,4
NPY,2
NPY1R,6
NPY2R,6
NQO1,6
NQO2,6
NR1D1,4
NR1D2,0
NR1H2,7
NR1H3,7
NR1H4,0
NR1I3,0
NR2C1,6
NR2C2,4
NR2C2AP,6
NR2E1,1
NR2F1,2
NR2F2,6
NR2F6,4
NR3C1,6
NR3C2,4
NR4A1,9
NR4A2,6
NR4A3,9
NR5A1,6
NR5A2,4
NR6A1,7
NRAP,6
NRARP,5
NRAS,2
NRBF2,0
NRBP1,6
NRBP2,7
NRCAM,2
NRDC,0
NRDE2,9
NREP,6
NRF1,4
NRG1,3
NRG2,7
NRGN,6
NRIP1,1
NRIP2,8
NRIP3,2
NRK,3
NRL,1
NRM,6
NRN1,1
NRN1L,2
NRP1,5
NRP2,1
NRSN1,6
NRSN2,3
NRXN1,6
NRXN2,2
NRXN3,7
NSD1,4
NSD2,8
NSD3,6
NSDHL,8
NSF,6
NSFL1C,3
NSG1,4
NSG2,4
NSL1,4
NSMAF,7
NSMCE1,6
NSMCE2,5
NSMCE4A,2
NSMF,9
NSRP1,1
NSUN2,7
NSUN3,1
NSUN4,0
NSUN5,6
NSUN6,7
NSUN7,0
NT5C,6
NT5C1A,7
NT5C2,8
NT5C3A,2
NT5C3B,6
NT5DC1,4
NT5DC2,3
NT5DC3,7
NT5E,9
NT5M,8
NTAN1,7
NTF3,8
NTF4,0
NTHL1,6
NTM,7
NTMT1,8
NTN1,0
NTN3,6
NTN4,0
NTNG1,3
NTNG2,9
NTRK1,8
NTRK2,4
NTRK3,0
NTS,4
NTSR1,7
NUAK1,4
NUAK2,4
NUBP1,7
NUBP2,9
NUBPL,4
NUCB1,7
NUCB2,6
NUCKS1,4
NUDC,7
NUDCD1,4
NUDCD2,1
NUDT1,3
NUDT12,9
NUDT13,4
NUDT14,2
NUDT15,2
NUDT16,0
NUDT16L1,1
NUDT17,1
NUDT18,0
NUDT2,3
NUDT22,6
NUDT3,7
NUDT4,3
NUDT5,6
NUDT6,4
NUDT7,1
NUDT9,7
NUF2,4
NUFIP1,1
NUFIP2,9
NUGGC,6
NUMA1,8
NUMB,1
NUP107,2
NUP133,6
NUP153,0
NUP155,0
NUP160,4
NUP188,6
NUP205,7
NUP210,7
NUP210L,3
NUP214,4
NUP35,6
NUP37,6
NUP43,3
NUP50,4
NUP54,2
NUP58,5
NUP62CL,0
NUP85,6
NUP88,0
NUP93,4
NUP98,1
NUPR1,6
NUPR2,2
NUS1,3
NUSAP1,6
NVL,6
NWD1,3
NXF1,0
NXN,9
NXPE4,6
NXPH1,6
NXPH2,6
NXPH3,0
NXPH4,6
NXT2,4
NYAP1,4
NYAP2,6
NYNRIN,6
NYX,4
OAF,4
OARD1,2
OAS1,2
OAS2,4
OAS3,6
OASL,4
OAT,0
OAZ1,7
OAZ2,3
OAZ3,3
OBSL1,7
OCA2,3
OCEL1,2
OCIAD1,9
OCIAD2,2
OCLN,6
OCRL,4
OCSTAMP,3
ODC1,9
ODF2,2
ODF2L,6
ODR4,4
OFD1,4
OGA,4
OGDHL,0
OGFOD1,7
OGFOD2,0
OGFOD3,2
OGFRL1,4
OGG1,4
OGN,2
OGT,9
OIP5,2
OIT3,4
OLA1,6
OLFM1,6
OLFM2,6
OLFM3,3
OLFM4,0
OLFML1,7
OLFML2A,2
OLFML2B,4
OLFML3,4
OLIG2,9
OLR1,3
OMA1,4
OMD,4
OMG,4
ONECUT1,4
ONECUT2,8
OOEP,3
OPA1,7
OPA3,0
OPCML,6
OPHN1,4
OPN3,2
OPN4,7
OPRD1,3
OPRK1,8
OPTC,0
OPTN,7
OR10J4,2
OR51E2,1
OR6N2,1
ORAI1,8
ORAI2,4
ORC1,2
ORC2,3
ORC3,2
ORC4,4
ORC5,1
ORC6,8
ORMDL1,3
ORMDL3,2
OS9,1
OSBP,4
OSBP2,8
OSBPL10,3
OSBPL11,2
OSBPL1A,2
OSBPL3,3
OSBPL5,0
OSBPL6,3
OSBPL7,3
OSBPL8,3
OSBPL9,9
OSCAR,4
OSCP1,4
OSER1,8
OSGEP,4
OSGEPL1,2
OSGIN1,0
OSGIN2,9
OSM,9
OSMR,3
OSR1,0
OSR2,0
OSTC,6
OSTF1,2
OSTM1,6
OSTN,1
OTOA,1
OTOF,2
OTOGL,7
OTOL1,0
OTOP1,0
OTOP2,3
OTOR,6
OTOS,7
OTUB1,2
OTUB2,2
OTUD3,4
OTUD4,3
OTUD5,2
OTUD6B,9
OTUD7A,7
OTUD7B,3
OTULIN,2
OTULINL,6
OTX1,4
OVGP1,2
OVOL1,1
OVOL2,9
OVOL3,4
OXA1L,4
OXCT1,9
OXER1,3
OXLD1,0
OXNAD1,0
OXR1,6
OXSM,0
OXSR1,4
OXT,7
P2RX1,9
P2RX2,9
P2RX3,0
P2RX4,4
P2RX6,4
P2RX7,7
P2RY1,6
P2RY10,4
P2RY11,9
P2RY12,1
P2RY13,6
P2RY14,6
P2RY2,1
P2RY6,8
P3H1,6
P3H2,2
P3H3,1
P3H4,6
P4HA1,6
P4HA2,9
P4HA3,6
P4HB,2
P4HTM,8
PA2G4,4
PAAF1,4
PABPC1,6
PABPC1L,1
PABPC4,3
PABPN1,6
PACRG,0
PACRGL,2
PACS1,6
PACS2,4
PACSIN1,2
PACSIN2,6
PACSIN3,6
PADI1,3
PADI2,1
PADI3,6
PAF1,3
PAFAH1B1,4
PAFAH1B3,6
PAFAH2,4
PAG1,9
PAIP2,6
PAIP2B,2
PAK1,0
PAK1IP1,6
PAK2,1
PAK3,7
PAK4,6
PAK5,1
PAK6,0
PALB2,6
PALD1,3
PALLD,4
PALM,0
PALM3,0
PALMD,9
PAM,4
PAMR1,6
PAN2,4
PAN3,9
PANK2,6
PANK3,2
PANK4,0
PANX1,3
PANX2,7
PAPLN,6
PAPOLA,2
PAPOLG,1
PAPPA,2
PAPPA2,9
PAPSS1,9
PAPSS2,4
PAQR3,3
PAQR4,4
PAQR5,9
PAQR6,3
PAQR7,5
PAQR8,2
PAQR9,3
PARD3,7
PARD3B,6
PARD6A,3
PARD6G,6
PARG,1
PARK7,4
PARL,2
PARN,0
PARP1,4
PARP11,9
PARP12,1
PARP14,2
PARP15,3
PARP2,3
PARP3,4
PARP4,7
PARP8,2
PARP9,2
PARPBP,2
PARS2,0
PARVA,4
PARVB,2
PARVG,3
PASD1,9
PASK,6
PATJ,4
PATL1,3
PATZ1,1
PAX1,0
PAX2,4
PAX3,0
PAX5,0
PAX7,8
PAX8,5
PAX9,6
PAXBP1,0
PAXIP1,6
PAXX,6
PBK,3
PBLD,4
PBRM1,0
PBX1,1
PBX2,1
PBX3,1
PBX4,4
PBXIP1,8
PC,5
PCARE,4
PCBD1,2
PCBD2,0
PCBP3,6
PCBP4,3
PCCA,2
PCCB,7
PCDH1,4
PCDH10,6
PCDH12,5
PCDH15,8
PCDH17,0
PCDH18,4
PCDH19,9
PCDH20,7
PCDH7,1
PCDH9,7
PCDHA13,1
PCED1A,3
PCF11,1
PCGF1,0
PCGF2,1
PCGF3,4
PCGF5,1
PCGF6,2
PCID2,0
PCIF1,6
PCK1,0
PCK2,6
PCLO,1
PCM1,6
PCMT1,2
PCMTD1,6
PCMTD2,4
PCNA,0
PCNP,9
PCNT,4
PCNX1,3
PCNX2,4
PCNX3,4
PCNX4,3
PCOLCE,6
PCOLCE2,2
PCP2,6
PCP4,0
PCP4L1,0
PCSK1,8
PCSK1N,3
PCSK2,1
PCSK4,9
PCSK5,3
PCSK6,4
PCSK7,2
PCYOX1,0
PCYOX1L,8
PCYT1A,4
PCYT1B,7
PCYT2,7
PDAP1,5
PDC,3
PDCD1,4
PDCD10,4
PDCD11,8
PDCD1LG2,0
PDCD2,3
PDCD2L,4
PDCD4,7
PDCD5,2
PDCD6,6
PDCD6IP,4
PDCD7,2
PDCL,4
PDCL3,5
PDE10A,4
PDE11A,0
PDE12,1
PDE1A,4
PDE1B,4
PDE1C,6
PDE2A,4
PDE3A,2
PDE4A,9
PDE4B,0
PDE4C,4
PDE4D,9
PDE5A,6
PDE6A,4
PDE6B,0
PDE6C,9
PDE6D,7
PDE6G,6
PDE6H,6
PDE7A,6
PDE7B,4
PDE8A,0
PDE8B,7
PDE9A,8
PDGFA,6
PDGFB,6
PDGFC,8
PDGFD,4
PDGFRA,2
PDGFRB,6
PDGFRL,3
PDHA1,4
PDHX,1
PDIA2,4
PDIA3,0
PDIA4,9
PDIA5,4
PDIA6,6
PDIK1L,4
PDK1,8
PDK2,2
PDK3,0
PDK4,8
PDLIM1,0
PDLIM2,6
PDLIM3,4
PDLIM4,9
PDLIM5,3
PDP1,7
PDP2,0
PDPK1,4
PDPN,6
PDPR,3
PDRG1,7
PDS5A,2
PDS5B,2
PDSS1,7
PDSS2,6
PDX1,4
PDXDC1,7
PDXK,7
PDXP,3
PDYN,0
PDZD11,8
PDZD2,3
PDZD3,7
PDZD4,6
PDZD7,4
PDZD8,7
PDZK1IP1,4
PDZRN3,0
PDZRN4,4
PEA15,8
PEAK1,8
PEAR1,3
PEBP1,7
PEBP4,4
PECAM1,2
PECR,4
PEF1,3
PEG10,0
PEG3,9
PELI1,6
PELI2,2
PELI3,2
PELP1,5
PEMT,4
PENK,6
PEPD,4
PER1,4
PER2,4
PER3,2
PERM1,4
PERP,6
PES1,7
PEX1,3
PEX10,6
PEX11A,6
PEX11B,0
PEX11G,2
PEX12,6
PEX14,4
PEX16,0
PEX19,0
PEX26,2
PEX3,6
PEX5,4
PEX5L,1
PEX6,6
PEX7,9
PFAS,3
PFDN1,9
PFDN2,2
PFDN5,2
PFDN6,4
PFKFB1,4
PFKFB2,4
PFKFB3,3
PFKFB4,3
PFKL,4
PFKM,6
PFKP,3
PFN1,3
PFN2,6
PFN4,2
PGAM2,9
PGAM5,2
PGAP1,6
PGAP2,9
PGAP3,4
PGBD1,2
PGBD2,3
PGBD5,9
PGD,0
PGF,3
PGGHG,1
PGK1,6
PGLS,8
PGLYRP1,7
PGM1,6
PGM2,3
PGM2L1,3
PGM3,3
PGM5,4
PGPEP1,3
PGPEP1L,0
PGR,3
PGRMC1,6
PGRMC2,2
PGS1,2
PHACTR1,4
PHACTR2,3
PHACTR3,4
PHACTR4,0
PHAX,7
PHB,6
PHB2,2
PHC1,2
PHC2,7
PHC3,6
PHEX,9
PHF1,9
PHF10,9
PHF12,4
PHF13,4
PHF14,4
PHF2,9
PHF20,4
PHF20L1,9
PHF21A,1
PHF21B,4
PHF23,4
PHF24,2
PHF3,1
PHF5A,0
PHF6,6
PHF7,4
PHIP,3
PHKA1,2
PHKA2,1
PHKB,3
PHKG1,8
PHKG2,6
PHLDA1,1
PHLDB1,2
PHLDB2,8
PHLDB3,6
PHLPP1,2
PHLPP2,9
PHOSPHO1,7
PHOSPHO2,3
PHOX2A,6
PHPT1,2
PHRF1,0
PHTF1,2
PHTF2,4
PHYHD1,4
PHYHIP,2
PHYHIPL,9
PHYKPL,2
PI15,3
PI16,9
PI3,2
PI4K2B,2
PI4KA,0
PI4KB,4
PIANP,4
PIAS1,4
PIAS2,4
PIAS3,6
PIAS4,6
PIBF1,4
PICALM,9
PICK1,4
PID1,6
PIDD1,6
PIEZO1,2
PIEZO2,6
PIF1,2
PIGB,7
PIGC,7
PIGF,6
PIGG,3
PIGH,9
PIGK,2
PIGL,6
PIGN,7
PIGO,9
PIGQ,6
PIGR,4
PIGS,2
PIGT,4
PIGU,4
PIGV,0
PIGW,7
PIGX,9
PIH1D1,0
PIH1D2,1
PIK3AP1,3
PIK3C2A,0
PIK3C2B,0
PIK3C2G,6
PIK3C3,0
PIK3CA,4
PIK3CB,4
PIK3CD,3
PIK3CG,8
PIK3IP1,4
PIK3R1,6
PIK3R4,3
PIK3R5,8
PIK3R6,8
PIKFYVE,8
PIM1,4
PIM2,4
PIMREG,3
PIN1,9
PINK1,0
PINX1,4
PIP,9
PIP4K2A,7
PIP4K2B,7
PIP4K2C,0
PIP4P2,1
PIP5K1A,0
PIP5K1B,8
PIP5K1C,4
PIP5KL1,4
PIPOX,0
PIR,1
PISD,2
PITHD1,6
PITPNA,2
PITPNB,4
PITPNC1,2
PITPNM1,0
PITPNM2,0
PITPNM3,4
PITRM1,6
PITX1,6
PITX2,3
PITX3,0
PIWIL1,9
PIWIL2,2
PIWIL4,0
PJA2,0
PJVK,8
PKD1L2,4
PKD1L3,6
PKD2,1
PKD2L1,1
PKD2L2,0
PKDCC,4
PKDREJ,6
PKHD1,3
PKHD1L1,1
PKIA,4
PKIB,6
PKIG,6
PKLR,6
PKMYT1,6
PKN1,0
PKN2,4
PKN3,0
PKNOX2,4
PKP2,0
PKP3,9
PKP4,2
PLA1A,4
PLA2G12A,4
PLA2G12B,3
PLA2G15,6
PLA2G2D,6
PLA2G2F,4
PLA2G3,1
PLA2G4A,6
PLA2G4E,4
PLA2G4F,6
PLA2G5,3
PLA2G6,6
PLA2G7,2
PLA2R1,3
PLAA,4
PLAAT1,8
PLAAT3,6
PLAAT4,1
PLAC8L1,8
PLAG1,7
PLAGL1,1
PLAGL2,4
PLAU,6
PLB1,6
PLBD1,0
PLBD2,4
PLCB1,4
PLCB2,9
PLCB3,6
PLCB4,2
PLCD1,6
PLCD3,6
PLCD4,0
PLCE1,0
PLCG1,3
PLCG2,4
PLCH1,1
PLCH2,0
PLCL1,9
PLCL2,4
PLCXD2,6
PLCXD3,8
PLD1,4
PLD2,2
PLD3,4
PLD4,7
PLD5,1
PLD6,7
PLEC,6
PLEK,7
PLEK2,0
PLEKHA1,3
PLEKHA2,2
PLEKHA3,7
PLEKHA4,9
PLEKHA5,8
PLEKHA6,2
PLEKHA7,7
PLEKHA8,2
PLEKHB1,9
PLEKHB2,6
PLEKHD1,2
PLEKHF1,7
PLEKHG1,0
PLEKHG2,7
PLEKHG3,3
PLEKHG4,1
PLEKHG4B,3
PLEKHG5,6
PLEKHG6,1
PLEKHH1,4
PLEKHH2,0
PLEKHH3,4
PLEKHM2,0
PLEKHM3,4
PLEKHN1,3
PLEKHO1,6
PLEKHO2,9
PLEKHS1,0
PLG,6
PLGRKT,4
PLIN1,2
PLIN2,0
PLIN3,4
PLIN4,0
PLIN5,9
PLK1,0
PLK2,3
PLK3,7
PLK4,0
PLLP,6
PLN,2
PLOD1,6
PLOD3,6
PLP1,6
PLPBP,0
PLPP1,6
PLPP2,9
PLPP3,6
PLPP4,2
PLPP5,0
PLPP6,1
PLPP7,4
PLPPR1,1
PLPPR2,8
PLPPR3,4
PLPPR4,1
PLPPR5,0
PLRG1,4
PLS1,2
PLS3,9
PLSCR1,7
PLSCR3,0
PLSCR4,7
PLSCR5,5
PLTP,6
PLVAP,4
PLXDC1,6
PLXDC2,8
PLXNA1,0
PLXNA2,2
PLXNA3,4
PLXNA4,7
PLXNB1,5
PLXNB2,6
PLXNB3,0
PLXNC1,6
PLXND1,2
PM20D1,6
PM20D2,6
PMAIP1,6
PMEL,2
PMEPA1,0
PMFBP1,6
PML,6
PMM1,2
PMM2,4
PMP22,6
PMPCA,4
PMPCB,6
PMS1,2
PMS2,7
PMVK,7
PNCK,3
PNISR,3
PNKD,7
PNKP,6
PNLDC1,4
PNMA1,6
PNMA2,6
PNMT,8
PNN,2
PNO1,6
PNP,1
PNPLA1,6
PNPLA2,0
PNPLA3,2
PNPLA4,2
PNPLA5,6
PNPLA6,3
PNPLA7,0
PNPLA8,7
PNPO,6
PNPT1,9
POC1A,4
POC1B,2
POC5,0
PODN,7
PODNL1,6
PODXL,9
PODXL2,2
POFUT1,1
POFUT2,6
POGK,7
POGLUT1,4
POGLUT2,2
POGLUT3,2
POGZ,3
POLA1,6
POLA2,3
POLB,2
POLD1,0
POLD2,6
POLD3,6
POLDIP2,4
POLDIP3,3
POLE,0
POLE2,4
POLE3,2
POLG,2
POLG2,2
POLH,3
POLI,3
POLK,2
POLL,6
POLN,9
POLQ,1
POLR1A,2
POLR1B,4
POLR1C,7
POLR1D,2
POLR1E,2
POLR2A,1
POLR2B,9
POLR2C,2
POLR2D,9
POLR2E,6
POLR2F,6
POLR2G,3
POLR2H,1
POLR2I,2
POLR2J,0
POLR2K,4
POLR3A,2
POLR3B,2
POLR3C,4
POLR3D,9
POLR3E,1
POLR3G,7
POLR3GL,4
POLR3H,6
POLR3K,6
POLRMT,7
POMGNT1,4
POMGNT2,4
POMK,6
POMT1,9
POMT2,4
PON2,1
PON3,7
POP1,8
POP4,0
POP5,8
POP7,1
POPDC2,7
POPDC3,4
POR,1
PORCN,6
POSTN,2
POT1,9
POU2AF1,9
POU2F1,6
POU2F2,4
POU2F3,0
POU3F1,1
POU3F3,0
POU6F1,1
POU6F2,8
PPAN,6
PPARA,0
PPARD,0
PPARG,2
PPARGC1A,4
PPARGC1B,8
PPAT,4
PPBP,1
PPCDC,6
PPCS,2
PPEF1,3
PPFIA1,1
PPFIA2,7
PPFIA3,3
PPFIA4,0
PPFIBP1,1
PPFIBP2,9
PPHLN1,4
PPIC,1
PPID,8
PPIE,8
PPIG,9
PPIH,2
PPIL1,9
PPIL2,2
PPIL4,3
PPIL6,4
PPIP5K1,6
PPIP5K2,2
PPL,6
PPM1A,0
PPM1B,6
PPM1D,2
PPM1E,6
PPM1F,6
PPM1G,6
PPM1H,6
PPM1J,0
PPM1K,9
PPM1L,2
PPM1M,4
PPM1N,6
PPME1,3
PPOX,1
PPP1CA,3
PPP1CB,3
PPP1CC,3
PPP1R10,9
PPP1R11,4
PPP1R12A,2
PPP1R12B,4
PPP1R12C,9
PPP1R13B,7
PPP1R13L,6
PPP1R14B,1
PPP1R14C,4
PPP1R15A,1
PPP1R15B,2
PPP1R16B,6
PPP1R18,9
PPP1R1A,4
PPP1R1B,7
PPP1R1C,0
PPP1R2,8
PPP1R21,6
PPP1R26,4
PPP1R27,7
PPP1R35,9
PPP1R36,4
PPP1R37,6
PPP1R3A,8
PPP1R3B,1
PPP1R3C,7
PPP1R3D,7
PPP1R3E,4
PPP1R3F,2
PPP1R42,1
PPP1R7,6
PPP1R8,8
PPP1R9A,3
PPP1R9B,1
PPP2CA,7
PPP2CB,2
PPP2R1A,7
PPP2R1B,2
PPP2R2A,2
PPP2R2B,6
PPP2R2C,9
PPP2R2D,6
PPP2R3A,9
PPP2R3B,4
PPP2R3C,9
PPP2R5A,4
PPP2R5B,4
PPP2R5C,7
PPP2R5D,4
PPP2R5E,1
PPP3CA,4
PPP3CB,6
PPP3CC,4
PPP4C,4
PPP4R1,6
PPP4R2,2
PPP4R3A,2
PPP4R3B,2
PPP4R4,1
PPP5C,0
PPP6C,9
PPP6R1,4
PPP6R2,2
PPP6R3,4
PPRC1,5
PPT1,6
PPT2,6
PPTC7,2
PPWD1,0
PQBP1,3
PRADC1,6
PRAG1,2
PRAME,0
PRC1,0
PRCC,2
PRCD,2
PRCP,6
PRDM1,1
PRDM10,2
PRDM11,6
PRDM14,3
PRDM15,6
PRDM16,8
PRDM2,0
PRDM4,7
PRDM5,7
PRDM6,2
PRDM8,6
PRDX1,9
PRDX2,2
PRDX3,3
PRDX4,6
PRDX6,4
PREB,7
PRELID1,1
PRELID2,4
PRELID3A,6
PRELID3B,6
PRELP,8
PREP,3
PREPL,0
PREX1,4
PREX2,9
PRF1,3
PRG4,2
PRICKLE1,2
PRICKLE2,6
PRICKLE3,6
PRIM2,6
PRIMA1,1
PRIMPOL,0
PRKAA1,0
PRKAA2,0
PRKAB1,4
PRKAB2,2
PRKACA,6
PRKACB,9
PRKAG1,4
PRKAG2,9
PRKAG3,0
PRKAR1A,7
PRKAR1B,4
PRKAR2A,6
PRKAR2B,6
PRKCA,4
PRKCB,0
PRKCD,0
PRKCE,7
PRKCH,9
PRKCI,1
PRKCQ,5
PRKCSH,1
PRKCZ,8
PRKD1,0
PRKD2,9
PRKD3,7
PRKDC,8
PRKG1,2
PRKG2,6
PRKN,9
PRKRA,2
PRKRIP1,8
PRKX,4
PRLR,4
PRMT1,6
PRMT2,6
PRMT3,2
PRMT5,0
PRMT6,6
PRMT7,4
PRMT8,6
PRMT9,2
PRND,1
PRNP,6
PROB1,4
PROCA1,4
PROCR,0
PROK2,4
PROKR1,1
PROM1,4
PROM2,7
PROS1,0
PROSER1,4
PROSER2,9
PROX1,8
PRPF19,4
PRPF3,0
PRPF31,7
PRPF38A,6
PRPF39,0
PRPF4,0
PRPF40B,6
PRPF4B,7
PRPF6,2
PRPF8,3
PRPH,3
PRPH2,9
PRPS1,2
PRPS2,6
PRPSAP1,6
PRPSAP2,9
PRR11,1
PRR12,5
PRR13,0
PRR14,7
PRR14L,7
PRR15,0
PRR16,7
PRR19,2
PRR22,0
PRR29,4
PRR5,6
PRR5L,6
PRR9,6
PRRC1,4
PRRC2A,1
PRRC2B,1
PRRC2C,4
PRRG1,7
PRRG2,9
PRRG3,4
PRRG4,0
PRRT1,3
PRRT3,6
PRRT4,2
PRRX1,4
PRRX2,4
PRSS12,4
PRSS22,9
PRSS23,4
PRSS35,6
PRSS36,4
PRSS48,8
PRSS53,2
PRSS56,7
PRSS57,3
PRTFDC1,9
PRTG,7
PRUNE1,9
PRUNE2,6
PRXL2A,9
PRXL2B,7
PRXL2C,6
PSAP,4
PSAT1,6
PSCA,1
PSD,1
PSD2,1
PSD3,4
PSD4,2
PSEN1,3
PSEN2,2
PSENEN,7
PSIP1,1
PSKH1,4
PSMA2,4
PSMA3,7
PSMA4,1
PSMA5,7
PSMA6,4
PSMA7,6
PSMB1,4
PSMB10,4
PSMB2,7
PSMB3,8
PSMB4,2
PSMB5,2
PSMB6,0
PSMB7,6
PSMB9,6
PSMC1,2
PSMC2,1
PSMC3IP,1
PSMC4,8
PSMC5,6
PSMD1,5
PSMD10,3
PSMD11,1
PSMD12,6
PSMD13,0
PSMD14,6
PSMD2,3
PSMD3,1
PSMD4,0
PSMD7,2
PSMD8,6
PSMD9,1
PSME1,9
PSME2,1
PSME3,0
PSME4,7
PSMF1,7
PSMG1,7
PSMG2,3
PSMG3,8
PSMG4,0
PSPC1,9
PSPH,0
PSRC1,3
PSTK,3
PSTPIP1,4
PSTPIP2,6
PTAFR,9
PTAR1,0
PTBP1,6
PTBP2,4
PTBP3,0
PTCD2,3
PTCD3,2
PTCH1,4
PTCH2,8
PTCHD1,9
PTDSS1,9
PTDSS2,8
PTEN,9
PTER,2
PTGDR,4
PTGDR2,4
PTGDS,7
PTGER1,8
PTGER2,0
PTGER4,4
PTGES,3
PTGES2,0
PTGFR,0
PTGFRN,1
PTGIR,4
PTGIS,8
PTGR1,8
PTGS1,4
PTGS2,2
PTH,4
PTH1R,9
PTH2R,2
PTHLH,1
PTK2,6
PTK2B,6
PTK7,0
PTMA,0
PTN,0
PTOV1,0
PTP4A1,1
PTP4A2,0
PTP4A3,8
PTPA,1
PTPDC1,0
PTPMT1,0
PTPN1,0
PTPN11,4
PTPN12,4
PTPN13,6
PTPN14,1
PTPN2,2
PTPN21,1
PTPN22,1
PTPN23,2
PTPN3,0
PTPN4,9
PTPN5,7
PTPN6,4
PTPN7,4
PTPRA,6
PTPRB,2
PTPRC,4
PTPRD,3
PTPRE,6
PTPRF,6
PTPRG,8
PTPRJ,8
PTPRK,6
PTPRM,4
PTPRN,2
PTPRN2,6
PTPRO,9
PTPRQ,9
PTPRR,0
PTPRS,5
PTPRT,6
PTPRU,3
PTPRZ1,1
PTRH1,6
PTRH2,7
PTRHD1,1
PTS,7
PTX3,7
PUDP,7
PUF60,4
PUM1,2
PUM2,4
PUM3,6
PURA,2
PURG,3
PUS1,1
PUS10,6
PUS3,0
PUS7,4
PUS7L,1
PUSL1,9
PVR,6
PVRIG,0
PWP1,9
PWWP3A,4
PXDC1,7
PXDN,6
PXDNL,4
PXK,6
PXMP2,4
PXMP4,9
PXN,9
PXT1,3
PXYLP1,0
PYCARD,2
PYCR1,6
PYCR3,4
PYGB,8
PYGL,6
PYGM,2
PYGO1,7
PYGO2,0
PYM1,2
PYROXD1,2
PYROXD2,6
QDPR,4
QKI,4
QPCT,6
QPCTL,7
QRFP,2
QRFPR,7
QRICH1,6
QRICH2,0
QRSL1,3
QSER1,1
QSOX1,6
QSOX2,5
QTRT1,2
QTRT2,8
R3HCC1,4
R3HCC1L,0
R3HDM1,1
R3HDM4,9
RAB10,3
RAB11A,1
RAB11B,0
RAB11FIP1,9
RAB11FIP2,3
RAB11FIP3,1
RAB11FIP4,4
RAB11FIP5,6
RAB13,2
RAB14,4
RAB15,4
RAB17,2
RAB18,6
RAB19,9
RAB1A,9
RAB1B,7
RAB20,4
RAB21,2
RAB22A,1
RAB23,2
RAB24,7
RAB25,6
RAB26,8
RAB27A,1
RAB27B,2
RAB28,6
RAB29,2
RAB2A,4
RAB2B,0
RAB30,9
RAB31,4
RAB32,1
RAB33A,2
RAB33B,3
RAB34,0
RAB35,0
RAB36,4
RAB37,0
RAB38,6
RAB39A,1
RAB39B,1
RAB3A,4
RAB3B,4
RAB3C,8
RAB3D,8
RAB3GAP1,9
RAB3GAP2,7
RAB3IL1,6
RAB3IP,1
RAB40B,7
RAB40C,9
RAB42,4
RAB43,8
RAB44,3
RAB4A,1
RAB4B,6
RAB5A,2
RAB5B,4
RAB5C,2
RAB5IF,2
RAB6A,6
RAB6B,2
RAB7A,9
RAB7B,2
RAB8A,6
RAB8B,4
RAB9A,6
RAB9B,0
RABAC1,3
RABEP1,4
RABEP2,4
RABEPK,6
RABGAP1,2
RABGAP1L,6
RABGEF1,4
RABGGTA,6
RABGGTB,9
RABIF,4
RABL6,7
RAC1,4
RAC2,4
RACGAP1,3
RACK1,4
RAD1,8
RAD17,9
RAD18,6
RAD21,4
RAD21L1,4
RAD23A,3
RAD23B,1
RAD50,6
RAD51,9
RAD51AP1,1
RAD51AP2,4
RAD51B,4
RAD51C,0
RAD52,3
RAD54B,3
RAD54L,5
RAD54L2,6
RAD9A,6
RAD9B,1
RADX,6
RAF1,4
RAI1,9
RAI14,6
RALA,6
RALB,4
RALBP1,2
RALGAPA1,8
RALGAPA2,0
RALGAPB,3
RALGPS1,1
RALGPS2,5
RALY,0
RALYL,0
RAMAC,8
RAMP1,6
RAMP3,3
RAN,7
RANBP1,6
RANBP10,2
RANBP17,0
RANBP2,4
RANBP3,6
RANBP3L,0
RANBP9,8
RANGAP1,3
RANGRF,4
RAP1A,7
RAP1B,0
RAP1GAP2,0
RAP1GDS1,6
RAP2A,4
RAP2B,8
RAP2C,1
RAPGEF1,2
RAPGEF2,7
RAPGEF3,4
RAPGEF4,4
RAPGEF5,6
RAPGEFL1,4
RAPSN,8
RARA,8
RARB,9
RARG,9
RARRES1,1
RARRES2,2
RARS2,3
RASA1,4
RASA2,7
RASA3,2
RASAL1,2
RASAL2,4
RASAL3,1
RASD1,4
RASD2,7
RASEF,0
RASGEF1A,4
RASGEF1B,0
RASGEF1C,1
RASGRF1,9
RASGRF2,3
RASGRP1,4
RASGRP2,6
RASGRP3,6
RASGRP4,2
RASIP1,0
RASL10A,2
RASL10B,3
RASL11A,4
RASL11B,4
RASSF1,9
RASSF10,1
RASSF2,5
RASSF3,4
RASSF4,4
RASSF5,3
RASSF6,4
RASSF7,6
RASSF8,8
RASSF9,3
RAVER2,4
RAX,3
RB1,2
RB1CC1,4
RBAK,7
RBBP4,6
RBBP5,7
RBBP6,8
RBBP8,5
RBBP9,4
RBCK1,6
RBFOX1,7
RBFOX2,3
RBFOX3,1
RBKS,6
RBL1,6
RBL2,2
RBM10,0
RBM11,6
RBM12,4
RBM12B,9
RBM14,4
RBM15,4
RBM15B,7
RBM17,4
RBM18,9
RBM19,2
RBM20,0
RBM22,0
RBM23,6
RBM25,4
RBM26,6
RBM28,0
RBM3,4
RBM33,3
RBM34,6
RBM38,7
RBM39,9
RBM41,4
RBM44,2
RBM45,7
RBM47,1
RBM48,9
RBM4B,4
RBM5,1
RBM6,7
RBM8A,1
RBMS1,6
RBMS2,0
RBMS3,4
RBMX,1
RBMX2,4
RBP1,3
RBP4,2
RBP7,8
RBPJ,3
RBPJL,0
RBPMS,6
RBSN,4
RBX1,2
RC3H1,4
RC3H2,0
RCAN1,1
RCAN2,2
RCAN3,4
RCBTB1,3
RCBTB2,6
RCC1,3
RCC1L,2
RCC2,2
RCE1,6
RCHY1,4
RCN1,3
RCN2,6
RCN3,6
RCOR1,7
RCOR2,0
RCOR3,6
RCSD1,9
RDH10,1
RDH11,7
RDH12,4
RDH13,0
RDH16,3
RDH5,6
RDX,2
REC8,4
RECK,3
RECQL,0
RECQL5,7
REEP1,1
REEP2,8
REEP3,4
REEP4,0
REEP5,2
REEP6,7
REG3A,9
REL,3
RELA,4
RELB,7
RELCH,2
RELL1,6
RELL2,9
RELN,1
RELT,2
REM1,2
REPIN1,7
REPS1,1
REPS2,8
RER1,7
RERE,6
RERG,0
RERGL,4
RESF1,2
REST,3
RET,6
RETN,0
RETREG2,6
RETREG3,6
RETSAT,6
REV3L,9
REX1BD,3
REXO1,6
REXO2,7
REXO4,9
REXO5,4
RFC1,4
RFC2,9
RFC3,4
RFC4,4
RFC5,4
RFESD,4
RFK,4
RFLNA,4
RFLNB,6
RFNG,9
RFT1,2
RFTN1,8
RFTN2,2
RFWD3,4
RFX1,2
RFX2,4
RFX3,0
RFX4,6
RFX5,4
RFX6,6
RFX7,0
RFX8,9
RFXANK,8
RFXAP,6
RGL1,8
RGL2,4
RGL3,3
RGMA,6
RGN,2
RGP1,9
RGS1,1
RGS10,2
RGS11,6
RGS12,8
RGS14,9
RGS16,9
RGS17,1
RGS18,3
RGS19,3
RGS2,1
RGS20,0
RGS22,2
RGS3,4
RGS4,4
RGS5,3
RGS6,6
RGS7,1
RGS7BP,4
RGS8,0
RGS9,4
RGS9BP,6
RGSL1,3
RHBDD1,4
RHBDD2,4
RHBDD3,6
RHBDF1,7
RHBDF2,6
RHBDL1,6
RHBDL2,0
RHBDL3,4
RHBG,2
RHCE,6
RHCG,7
RHEB,8
RHEBL1,7
RHEX,9
RHNO1,4
RHOA,2
RHOB,4
RHOBTB1,0
RHOBTB2,5
RHOBTB3,4
RHOD,6
RHOF,0
RHOG,4
RHOH,3
RHOJ,4
RHOQ,0
RHOT1,3
RHOU,9
RHOV,9
RHPN1,0
RHPN2,6
RIBC1,9
RIBC2,9
RIC1,3
RIC3,3
RIC8A,4
RIC8B,4
RICTOR,9
RIDA,2
RIF1,4
RIIAD1,6
RILP,4
RILPL1,7
RILPL2,4
RIMBP2,6
RIMKLA,0
RIMKLB,0
RIMS1,6
RIMS2,2
RIMS3,6
RIMS4,8
RIN1,9
RIN2,2
RIN3,9
RING1,9
RINL,7
RINT1,9
RIOK1,7
RIOK2,8
RIOK3,3
RIOX1,4
RIOX2,0
RIPK1,1
RIPK2,4
RIPK4,0
RIPOR1,4
RIPOR2,9
RIPOR3,0
RIPPLY1,2
RIPPLY3,8
RIT1,0
RIT2,0
RITA1,4
RLBP1,6
RLF,3
RLIM,2
RLN2,0
RLN3,6
RMC1,6
RMDN1,8
RMDN2,0
RMDN3,3
RMI1,9
RMI2,4
RMND1,1
RMND5A,2
RMND5B,6
RNASE4,7
RNASEH1,0
RNASEH2A,7
RNASEH2B,7
RNASEH2C,0
RNASEK,8
RNASEL,5
RND1,4
RND2,2
RND3,2
RNF10,4
RNF103,4
RNF11,0
RNF111,6
RNF114,6
RNF121,3
RNF122,0
RNF123,0
RNF125,7
RNF128,4
RNF13,4
RNF130,6
RNF135,4
RNF138,4
RNF139,4
RNF14,3
RNF141,9
RNF144A,7
RNF144B,6
RNF145,6
RNF146,4
RNF150,6
RNF151,2
RNF152,6
RNF157,4
RNF165,0
RNF166,4
RNF167,6
RNF168,4
RNF169,4
RNF170,0
RNF180,4
RNF181,2
RNF186,0
RNF19A,6
RNF19B,0
RNF2,2
RNF20,4
RNF207,6
RNF208,7
RNF212B,4
RNF213,8
RNF214,4
RNF215,9
RNF216,4
RNF217,6
RNF220,2
RNF222,3
RNF225,4
RNF24,4
RNF25,2
RNF32,6
RNF34,8
RNF38,1
RNF39,8
RNF4,3
RNF40,6
RNF41,4
RNF43,0
RNF44,7
RNF5,4
RNF6,7
RNF7,0
RNF8,6
RNFT1,0
RNGTT,4
RNH1,0
RNLS,7
RNPC3,0
RNPEP,1
RNPEPL1,1
RNPS1,1
RO60,3
ROBO1,6
ROBO2,8
ROBO3,3
ROBO4,4
ROCK1,6
ROCK2,6
ROM1,2
ROMO1,2
ROPN1L,0
ROR1,6
ROR2,6
RORB,6
RORC,8
RP1,9
RP2,4
RP9,0
RPA1,1
RPA2,2
RPA3,2
RPAIN,8
RPAP1,6
RPAP3,9
RPF1,5
RPF2,2
RPGR,3
RPGRIP1,2
RPGRIP1L,2
RPH3A,9
RPH3AL,4
RPL10A,0
RPL11,9
RPL12,8
RPL13,0
RPL13A,9
RPL14,4
RPL15,6
RPL18,4
RPL18A,2
RPL19,9
RPL21,4
RPL22,8
RPL22L1,6
RPL23,6
RPL24,6
RPL26,0
RPL27,9
RPL27A,0
RPL28,6
RPL3,2
RPL31,9
RPL32,0
RPL35,9
RPL35A,1
RPL37,4
RPL37A,2
RPL3L,7
RPL4,6
RPL5,0
RPL7,7
RPL7A,4
RPL8,4
RPL9,9
RPLP0,2
RPN1,2
RPN2,2
RPP14,0
RPP21,7
RPP25,6
RPP30,6
RPP38,4
RPP40,4
RPRD1A,4
RPRD1B,0
RPRD2,1
RPS10,3
RPS11,6
RPS12,3
RPS13,4
RPS15,2
RPS15A,6
RPS17,2
RPS18,4
RPS19BP1,9
RPS21,3
RPS23,3
RPS24,0
RPS25,0
RPS26,0
RPS27,0
RPS27A,6
RPS28,4
RPS3,4
RPS3A,4
RPS4X,2
RPS5,6
RPS6,1
RPS6KA1,6
RPS6KA2,1
RPS6KA3,7
RPS6KA5,6
RPS6KA6,9
RPS6KB1,0
RPS6KB2,9
RPS6KC1,9
RPS6KL1,4
RPS7,6
RPS8,6
RPSA,2
RPTN,6
RPTOR,0
RPUSD1,4
RPUSD2,6
RPUSD3,7
RPUSD4,2
RRAD,0
RRAGA,8
RRAGB,2
RRAGC,0
RRAGD,3
RRAS,8
RRAS2,6
RRBP1,6
RREB1,0
RRH,4
RRM1,0
RRM2,6
RRM2B,6
RRN3,6
RRNAD1,4
RRP1,1
RRP12,1
RRP15,7
RRP1B,4
RRP36,8
RRP7,2
RRP8,3
RRP9,5
RRS1,9
RS1,1
RSAD1,4
RSAD2,6
RSBN1,1
RSBN1L,2
RSF1,4
RSKR,1
RSL1D1,2
RSL24D1,6
RSPH3,2
RSPH6A,4
RSPH9,0
RSPO1,7
RSPO2,9
RSPO3,2
RSPO4,4
RSPRY1,0
RSRC2,2
RSRP1,9
RSU1,8
RTCA,8
RTCB,9
RTF1,3
RTF2,2
RTKN,6
RTKN2,2
RTL6,2
RTL9,6
RTN1,6
RTN2,4
RTN3,3
RTN4,6
RTN4IP1,7
RTN4R,0
RTN4RL1,0
RTN4RL2,8
RTP4,6
RTTN,1
RUBCN,8
RUBCNL,1
RUFY1,6
RUFY2,6
RUFY3,4
RUFY4,4
RUNDC1,2
RUNDC3A,6
RUNDC3B,4
RUNX1,4
RUNX2,6
RUNX3,4
RUSC1,1
RUSC2,2
RUVBL1,1
RUVBL2,7
RWDD1,6
RWDD2A,9
RWDD2B,4
RWDD3,0
RWDD4,4
RXFP1,9
RXRA,1
RXRB,6
RXRG,2
RYBP,2
RYK,8
RYR1,0
RYR2,0
RYR3,6
S100A1,6
S100A11,0
S100A12,1
S100A13,4
S100A14,4
S100A16,8
S100A2,8
S100A5,9
S100A8,6
S100B,1
S100P,1
S100PBP,9
S1PR1,2
S1PR2,0
S1PR3,2
S1PR4,1
S1PR5,7
SAA1,6
SAAL1,4
SAC3D1,3
SACM1L,4
SACS,3
SAE1,4
SAFB,4
SAFB2,4
SAG,6
SALL1,4
SALL2,2
SALL3,7
SALL4,0
SAMD10,2
SAMD11,9
SAMD12,9
SAMD14,6
SAMD15,6
SAMD4A,1
SAMD4B,4
SAMD8,4
SAMD9L,9
SAMHD1,7
SAMM50,2
SAMSN1,7
SAP130,4
SAP18,6
SAP25,3
SAP30,9
SAP30BP,9
SAP30L,6
SAPCD1,3
SAR1A,2
SAR1B,0
SARAF,6
SARDH,2
SARM1,1
SARNP,9
SART1,2
SART3,1
SASH1,8
SASH3,2
SASS6,1
SAT1,6
SAT2,1
SATB1,4
SATB2,3
SAV1,4
SAXO1,2
SAXO2,3
SAYSD1,2
SBDS,6
SBF1,2
SBF2,4
SBK1,2
SBK3,7
SBNO1,4
SBNO2,6
SBSPON,7
SC5D,9
SCAF1,2
SCAF11,0
SCAF4,4
SCAF8,9
SCAI,7
SCAMP1,1
SCAMP2,2
SCAMP4,6
SCAMP5,6
SCAND1,6
SCAP,4
SCAPER,1
SCARA3,7
SCARA5,4
SCARB1,4
SCARB2,6
SCARF1,6
SCARF2,4
SCCPDH,2
SCD,9
SCD5,3
SCEL,0
SCFD1,1
SCFD2,2
SCG2,9
SCG3,4
SCG5,4
SCIMP,3
SCIN,4
SCLT1,6
SCLY,2
SCMH1,8
SCML2,4
SCML4,9
SCN1A,9
SCN1B,7
SCN2A,0
SCN2B,1
SCN3A,2
SCN3B,6
SCN4A,7
SCN4B,6
SCN5A,2
SCN7A,0
SCN8A,4
SCN9A,2
SCNM1,6
SCNN1A,4
SCNN1B,2
SCNN1D,9
SCO1,7
SCOC,8
SCP2,4
SCP2D1,8
SCPEP1,0
SCRG1,6
SCRIB,4
SCRN1,0
SCRN2,0
SCRN3,0
SCTR,7
SCUBE1,2
SCUBE3,7
SCX,9
SCYL1,4
SCYL2,6
SCYL3,0
SDAD1,6
SDC1,7
SDC2,2
SDC3,6
SDC4,7
SDCBP2,0
SDCCAG8,6
SDE2,2
SDF2,4
SDF2L1,6
SDF4,2
SDHA,9
SDHAF1,1
SDHAF2,7
SDHAF4,0
SDHB,2
SDHC,0
SDK1,8
SDK2,1
SDR16C5,6
SDR39U1,6
SDSL,4
SEC11A,7
SEC11C,2
SEC13,2
SEC14L1,1
SEC14L5,9
SEC16A,6
SEC16B,4
SEC22A,2
SEC22B,2
SEC22C,9
SEC23A,9
SEC23B,2
SEC23IP,2
SEC24A,4
SEC24B,6
SEC24C,6
SEC24D,4
SEC31A,4
SEC31B,1
SEC61A1,8
SEC61A2,6
SEC61B,8
SEC61G,2
SECISBP2,4
SECISBP2L,4
SEL1L,4
SEL1L2,4
SEL1L3,6
SELE,6
SELENBP1,9
SELENOF,4
SELENOI,0
SELENOK,4
SELENOM,6
SELENOO,6
SELENOP,1
SELENOS,4
SELENOT,0
SELENOW,9
SELL,9
SELP,3
SELPLG,4
SEMA3A,3
SEMA3B,2
SEMA3C,6
SEMA3D,6
SEMA3E,6
SEMA3F,3
SEMA3G,6
SEMA4A,0
SEMA4B,6
SEMA4C,1
SEMA4D,0
SEMA4F,0
SEMA4G,2
SEMA5A,0
SEMA5B,7
SEMA6A,3
SEMA6B,2
SEMA6C,4
SEMA6D,6
SEMA7A,0
SENP1,3
SENP2,6
SENP5,4
SENP6,0
SENP7,0
SENP8,8
SEPHS1,6
SEPSECS,9
SEPTIN1,6
SEPTIN10,6
SEPTIN11,4
SEPTIN2,0
SEPTIN3,3
SEPTIN4,8
SEPTIN5,6
SEPTIN6,2
SEPTIN7,4
SEPTIN8,1
SEPTIN9,6
SERAC1,0
SERBP1,7
SERF2,4
SERGEF,6
SERHL2,3
SERINC1,4
SERINC2,4
SERINC3,0
SERINC4,0
SERINC5,0
SERP2,2
SERPINA1,4
SERPINA12,0
SERPINA3,0
SERPINB1,8
SERPINB10,6
SERPINB11,6
SERPINB12,2
SERPINB13,0
SERPINB2,2
SERPINB5,9
SERPINB6,2
SERPINB7,7
SERPINB8,6
SERPINB9,0
SERPINC1,4
SERPIND1,3
SERPINE1,6
SERPINE2,3
SERPINE3,4
SERPINF1,7
SERPINF2,9
SERPING1,6
SERPINH1,2
SERPINI1,6
SERTAD1,3
SERTAD3,4
SERTAD4,6
SERTM1,0
SESN1,6
SESN2,0
SESN3,7
SESTD1,2
SETBP1,0
SETD1A,7
SETD1B,2
SETD2,4
SETD3,2
SETD4,2
SETD5,0
SETD6,8
SETD7,1
SETD9,6
SETDB1,2
SETDB2,8
SETMAR,2
SETX,2
SEZ6,4
SEZ6L,7
SEZ6L2,6
SF1,9
SF3A1,7
SF3A2,5
SF3B1,3
SF3B2,2
SF3B3,6
SF3B4,4
SF3B5,4
SF3B6,2
SFI1,3
SFMBT1,6
SFMBT2,1
SFN,0
SFPQ,4
SFR1,7
SFRP1,6
SFRP2,9
SFRP4,3
SFRP5,2
SFSWAP,6
SFT2D1,1
SFXN1,9
SFXN2,0
SFXN3,9
SFXN4,2
SFXN5,3
SGCA,4
SGCB,0
SGCD,3
SGCE,6
SGCG,6
SGF29,8
SGIP1,7
SGK1,1
SGK2,4
SGK3,4
SGMS1,4
SGMS2,4
SGO1,6
SGO2,3
SGPL1,2
SGPP1,6
SGSH,8
SGSM1,2
SGSM2,6
SGSM3,3
SGTA,7
SGTB,4
SH2B1,4
SH2B2,2
SH2B3,2
SH2D1A,9
SH2D1B,4
SH2D2A,4
SH2D3A,0
SH2D3C,6
SH2D4A,4
SH2D4B,4
SH2D5,0
SH2D6,8
SH3BGRL,9
SH3BGRL2,0
SH3BGRL3,7
SH3BP1,4
SH3BP4,4
SH3BP5,4
SH3BP5L,2
SH3D19,7
SH3D21,6
SH3GL1,4
SH3GL2,6
SH3GL3,3
SH3GLB1,2
SH3GLB2,0
SH3KBP1,3
SH3PXD2A,0
SH3PXD2B,8
SH3RF1,7
SH3RF2,8
SH3RF3,2
SH3TC1,8
SH3TC2,6
SH3YL1,6
SHANK1,1
SHANK2,4
SHARPIN,0
SHB,0
SHBG,0
SHC1,0
SHC3,0
SHC4,6
SHCBP1,2
SHCBP1L,2
SHE,1
SHF,6
SHFL,2
SHISA2,9
SHISA3,6
SHISA5,3
SHISA7,0
SHISA9,1
SHISAL1,2
SHISAL2A,0
SHKBP1,0
SHLD1,1
SHLD2,0
SHMT1,3
SHMT2,6
SHOC2,7
SHOX,8
SHOX2,0
SHPRH,2
SHQ1,0
SHROOM1,0
SHROOM2,2
SHROOM3,0
SHROOM4,3
SHTN1,3
SI,9
SIAE,4
SIAH1,1
SIAH2,3
SIAH3,5
SIDT1,0
SIDT2,9
SIGIRR,3
SIGLEC1,4
SIGLEC15,6
SIGMAR1,5
SIK2,4
SIK3,4
SIKE1,2
SIL1,4
SIM1,1
SIM2,6
SIMC1,2
SIN3A,0
SIN3B,6
SINHCAF,6
SIPA1,6
SIPA1L1,6
SIPA1L2,2
SIPA1L3,9
SIRPB2,8
SIRT1,2
SIRT2,7
SIRT3,3
SIRT4,4
SIRT5,9
SIRT6,6
SIT1,1
SIVA1,3
SIX1,0
SIX2,9
SIX3,6
SIX4,8
SIX5,4
SKA1,4
SKA2,0
SKA3,8
SKAP1,4
SKAP2,2
SKI,8
SKIDA1,4
SKIL,0
SKIV2L,6
SKOR1,6
SKP1,6
SKP2,2
SLA,6
SLA2,1
SLAIN1,6
SLAIN2,2
SLAMF1,4
SLAMF6,9
SLAMF7,1
SLAMF8,4
SLAMF9,0
SLBP,1
SLBP2,9
SLC10A3,4
SLC10A4,4
SLC10A6,2
SLC10A7,9
SLC11A1,3
SLC11A2,4
SLC12A1,6
SLC12A2,3
SLC12A3,4
SLC12A4,6
SLC12A5,8
SLC12A6,1
SLC12A7,1
SLC12A8,4
SLC12A9,3
SLC13A1,8
SLC13A2,4
SLC13A3,3
SLC13A4,1
SLC13A5,6
SLC14A1,7
SLC14A2,0
SLC15A1,4
SLC15A2,2
SLC15A4,9
SLC16A1,7
SLC16A10,4
SLC16A11,5
SLC16A12,0
SLC16A13,6
SLC16A14,6
SLC16A2,2
SLC16A3,2
SLC16A4,1
SLC16A5,6
SLC16A6,4
SLC16A7,8
SLC16A8,6
SLC16A9,0
SLC17A5,7
SLC17A7,6
SLC17A8,4
SLC17A9,6
SLC18A1,0
SLC18A2,8
SLC18B1,2
SLC19A1,7
SLC19A2,6
SLC1A1,9
SLC1A2,1
SLC1A3,0
SLC1A4,4
SLC1A5,7
SLC1A6,3
SLC1A7,1
SLC20A1,4
SLC20A2,0
SLC22A11,0
SLC22A13,0
SLC22A15,1
SLC22A16,4
SLC22A17,7
SLC22A23,7
SLC22A3,1
SLC22A31,0
SLC22A4,8
SLC23A3,1
SLC24A2,3
SLC24A3,2
SLC24A4,6
SLC24A5,0
SLC25A1,4
SLC25A11,3
SLC25A12,4
SLC25A13,9
SLC25A14,8
SLC25A15,2
SLC25A16,2
SLC25A17,1
SLC25A18,9
SLC25A19,6
SLC25A2,0
SLC25A21,2
SLC25A23,8
SLC25A25,6
SLC25A26,9
SLC25A27,4
SLC25A29,1
SLC25A30,2
SLC25A32,6
SLC25A33,4
SLC25A34,1
SLC25A35,0
SLC25A36,3
SLC25A37,1
SLC25A38,8
SLC25A39,7
SLC25A4,6
SLC25A40,8
SLC25A41,6
SLC25A42,4
SLC25A43,4
SLC25A44,2
SLC25A45,9
SLC25A46,4
SLC25A48,0
SLC25A5,6
SLC25A53,6
SLC25A6,2
SLC26A1,9
SLC26A10,6
SLC26A11,4
SLC26A2,7
SLC26A3,6
SLC26A5,2
SLC26A7,2
SLC26A8,0
SLC26A9,0
SLC27A1,3
SLC27A2,0
SLC27A3,4
SLC27A4,1
SLC27A6,2
SLC28A3,8
SLC29A1,6
SLC29A2,9
SLC29A3,6
SLC29A4,2
SLC2A1,2
SLC2A10,0
SLC2A11,8
SLC2A12,2
SLC2A13,6
SLC2A2,1
SLC2A3,1
SLC2A4,4
SLC2A4RG,6
SLC2A6,1
SLC2A8,1
SLC2A9,6
SLC30A1,4
SLC30A10,0
SLC30A2,6
SLC30A3,8
SLC30A4,6
SLC30A5,6
SLC30A6,6
SLC30A7,4
SLC30A8,2
SLC30A9,8
SLC31A1,1
SLC31A2,0
SLC33A1,5
SLC35A1,3
SLC35A2,6
SLC35A3,1
SLC35A5,7
SLC35B1,4
SLC35B2,8
SLC35B3,4
SLC35B4,6
SLC35C1,6
SLC35C2,0
SLC35D1,6
SLC35D2,9
SLC35D3,4
SLC35E1,4
SLC35E4,6
SLC35F1,1
SLC35F2,4
SLC35F3,4
SLC35F5,9
SLC35F6,6
SLC35G2,3
SLC36A1,8
SLC36A2,2
SLC36A4,6
SLC37A1,6
SLC37A2,6
SLC37A3,6
SLC37A4,0
SLC38A1,4
SLC38A10,6
SLC38A11,3
SLC38A2,8
SLC38A3,4
SLC38A4,4
SLC38A5,4
SLC38A6,4
SLC38A7,3
SLC38A9,3
SLC39A1,8
SLC39A10,2
SLC39A12,4
SLC39A13,4
SLC39A14,6
SLC39A2,0
SLC39A3,6
SLC39A4,6
SLC39A6,6
SLC39A7,4
SLC39A8,6
SLC39A9,4
SLC3A1,6
SLC3A2,2
SLC40A1,1
SLC41A1,4
SLC41A2,9
SLC41A3,7
SLC43A1,4
SLC43A2,6
SLC43A3,2
SLC44A1,4
SLC44A2,0
SLC44A3,4
SLC45A1,6
SLC45A2,6
SLC45A4,7
SLC46A1,2
SLC46A2,6
SLC46A3,4
SLC47A1,1
SLC47A2,6
SLC48A1,4
SLC49A3,4
SLC49A4,7
SLC4A1,7
SLC4A10,1
SLC4A11,4
SLC4A2,4
SLC4A3,1
SLC4A4,6
SLC4A5,0
SLC4A7,3
SLC4A8,7
SLC50A1,4
SLC51B,0
SLC5A11,0
SLC5A2,6
SLC5A3,4
SLC5A5,6
SLC5A6,1
SLC5A8,3
SLC66A1,5
SLC66A2,7
SLC66A3,4
SLC6A1,8
SLC6A11,7
SLC6A12,2
SLC6A15,4
SLC6A17,4
SLC6A2,9
SLC6A20,3
SLC6A3,0
SLC6A4,3
SLC6A6,6
SLC6A7,9
SLC6A8,3
SLC6A9,6
SLC7A1,4
SLC7A11,6
SLC7A14,6
SLC7A2,1
SLC7A4,3
SLC7A5,2
SLC7A6,3
SLC7A6OS,1
SLC7A7,4
SLC7A8,4
SLC8A1,0
SLC8A2,0
SLC8A3,2
SLC8B1,4
SLC9A1,4
SLC9A2,6
SLC9A3,0
SLC9A3R1,7
SLC9A3R2,6
SLC9A4,4
SLC9A5,2
SLC9A6,2
SLC9A7,8
SLC9A8,4
SLC9A9,1
SLC9B1,6
SLC9B2,1
SLCO1A2,9
SLCO1C1,0
SLCO2A1,0
SLCO2B1,1
SLCO3A1,0
SLCO4A1,4
SLCO4C1,1
SLCO5A1,1
SLF1,4
SLF2,7
SLFN14,0
SLIRP,6
SLIT1,0
SLIT2,0
SLIT3,6
SLITRK2,6
SLITRK3,8
SLITRK4,7
SLITRK5,0
SLITRK6,9
SLK,2
SLMAP,7
SLN,1
SLPI,0
SLTM,7
SLU7,0
SLURP1,3
SLX4,2
SLX4IP,0
SMAD1,4
SMAD2,4
SMAD3,0
SMAD4,6
SMAD5,7
SMAD6,4
SMAD7,0
SMAD9,4
SMAGP,0
SMAP1,6
SMAP2,7
SMARCA1,9
SMARCA2,5
SMARCA4,4
SMARCA5,6
SMARCAD1,6
SMARCAL1,3
SMARCB1,4
SMARCC1,8
SMARCC2,6
SMARCD1,9
SMARCD2,2
SMARCD3,4
SMARCE1,4
SMC1A,4
SMC1B,2
SMC2,4
SMC3,0
SMC4,4
SMC5,0
SMC6,4
SMCHD1,0
SMCO1,9
SMCO3,6
SMCO4,4
SMDT1,6
SMG1,2
SMG5,6
SMG6,8
SMG7,4
SMG8,4
SMG9,2
SMIM1,6
SMIM10L1,3
SMIM15,8
SMIM19,6
SMIM2,5
SMIM20,2
SMIM22,4
SMIM26,2
SMIM3,6
SMIM30,3
SMIM31,1
SMIM33,0
SMIM4,0
SMIM6,6
SMIM8,3
SMN,8
SMNDC1,8
SMO,2
SMOC1,5
SMOC2,9
SMOX,1
SMPD1,4
SMPD2,8
SMPD3,6
SMPD4,4
SMPDL3A,1
SMPDL3B,2
SMPX,0
SMS,7
SMTN,6
SMTNL1,8
SMTNL2,1
SMU1,2
SMUG1,7
SMURF1,9
SMURF2,2
SMYD1,3
SMYD2,2
SMYD3,4
SMYD4,1
SMYD5,8
SNAI1,7
SNAI2,1
SNAI3,0
SNAP23,7
SNAP25,2
SNAP29,2
SNAP47,9
SNAP91,6
SNAPC1,2
SNAPC2,6
SNAPC3,9
SNAPC4,1
SNAPC5,9
SNAPIN,4
SNCA,3
SNCAIP,6
SNCB,1
SNCG,9
SND1,4
SNED1,2
SNF8,4
SNIP1,1
SNN,0
SNORC,9
SNRK,6
SNRNP200,2
SNRNP25,1
SNRNP27,6
SNRNP35,6
SNRNP40,3
SNRNP48,0
SNRNP70,1
SNRPA1,4
SNRPB,6
SNRPB2,2
SNRPC,9
SNRPD1,0
SNRPD2,3
SNRPD3,9
SNRPE,7
SNRPG,7
SNRPN,0
SNTA1,4
SNTB1,9
SNTB2,4
SNTG1,6
SNUPN,6
SNW1,1
SNX1,4
SNX10,7
SNX11,1
SNX13,1
SNX14,3
SNX15,4
SNX16,5
SNX17,4
SNX18,1
SNX19,0
SNX2,1
SNX20,3
SNX21,7
SNX22,7
SNX24,2
SNX25,6
SNX27,1
SNX29,2
SNX3,1
SNX30,0
SNX31,4
SNX32,0
SNX33,0
SNX4,0
SNX5,7
SNX6,4
SNX7,0
SNX8,6
SNX9,1
SOAT1,0
SOAT2,6
SOBP,2
SOCS1,6
SOCS2,2
SOCS5,0
SOCS6,0
SOCS7,6
SOD1,0
SOD2,9
SOD3,1
SOGA1,6
SORBS1,9
SORBS2,4
SORBS3,4
SORCS1,9
SORCS2,3
SORCS3,9
SORD,4
SORL1,9
SORT1,7
SOS1,6
SOS2,2
SOST,6
SOSTDC1,3
SOWAHA,2
SOWAHB,9
SOWAHC,4
SOX12,0
SOX13,3
SOX15,4
SOX17,2
SOX18,4
SOX3,2
SOX30,3
SOX4,3
SOX5,8
SOX6,7
SOX8,9
SP1,4
SP100,7
SP110,8
SP140,7
SP2,0
SP3,4
SP4,6
SP5,6
SP6,6
SP7,9
SP9,0
SPA17,0
SPAAR,6
SPACA1,2
SPACA6,8
SPACA9,2
SPAG16,3
SPAG17,2
SPAG4,0
SPAG5,6
SPAG6,2
SPAG7,0
SPAG8,9
SPAG9,3
SPARC,0
SPARCL1,6
SPART,3
SPAST,4
SPATA1,2
SPATA17,7
SPATA18,1
SPATA2,4
SPATA20,7
SPATA21,0
SPATA24,6
SPATA25,4
SPATA2L,3
SPATA5,6
SPATA5L1,7
SPATA6,6
SPATA6L,4
SPATA7,6
SPATA9,0
SPATC1L,8
SPATS1,9
SPATS2,6
SPATS2L,0
SPC24,4
SPC25,0
SPCS1,6
SPCS2,7
SPCS3,2
SPDYA,4
SPDYC,0
SPECC1,8
SPECC1L,6
SPEF1,5
SPEF2,6
SPEG,6
SPEGNB,6
SPEM1,0
SPESP1,0
SPG11,9
SPG21,1
SPG7,0
SPHK1,6
SPHK2,9
SPHKAP,1
SPI1,2
SPIC,3
SPICE1,2
SPIDR,9
SPIN1,1
SPINDOC,0
SPINK2,2
SPINK5,6
SPINT1,3
SPINT2,1
SPIRE1,2
SPIRE2,9
SPNS1,6
SPNS3,4
SPO11,8
SPOCK1,2
SPOCK2,2
SPOCK3,1
SPON1,2
SPOP,6
SPOPL,9
SPOUT1,4
SPP1,2
SPP2,6
SPPL2A,6
SPPL2B,2
SPPL3,6
SPR,0
SPRED1,4
SPRED2,1
SPRTN,1
SPRY1,7
SPRY2,4
SPRY3,6
SPRY4,9
SPRYD3,6
SPRYD4,0
SPRYD7,9
SPSB1,9
SPSB2,0
SPSB3,6
SPSB4,1
SPTA1,6
SPTAN1,4
SPTB,6
SPTBN1,6
SPTBN2,4
SPTBN4,1
SPTBN5,6
SPTLC1,3
SPTLC2,0
SPTLC3,5
SPTSSB,6
SPTY2D1,3
SPX,2
SQLE,4
SQSTM1,0
SRA1,8
SRARP,1
SRBD1,6
SRC,5
SRCIN1,7
SRD5A1,3
SRD5A2,0
SRD5A3,6
SREBF1,0
SREBF2,0
SREK1,4
SREK1IP1,4
SRF,4
SRFBP1,6
SRGAP1,1
SRGAP3,6
SRGN,2
SRI,4
SRM,4
SRP14,6
SRP19,2
SRP54,1
SRP68,6
SRP72,4
SRP9,6
SRPK1,6
SRPK2,2
SRPK3,3
SRPRA,4
SRPRB,0
SRPX2,6
SRRM2,1
SRRM3,4
SRRM4,7
SRRT,0
SRSF1,4
SRSF10,6
SRSF11,6
SRSF12,0
SRSF2,7
SRSF3,0
SRSF4,4
SRSF5,2
SRSF6,4
SRSF7,2
SRSF9,2
SRXN1,2
SS18,1
SS18L1,2
SS18L2,9
SSB,8
SSBP1,7
SSBP2,9
SSBP3,6
SSBP4,4
SSC4D,2
SSC5D,8
SSH1,2
SSH2,8
SSH3,6
SSMEM1,1
SSNA1,0
SSPN,9
SSPO,6
SSR1,0
SSR2,7
SSR3,0
SSR4,6
SSRP1,4
SSTR1,8
SSTR2,3
SSU72,7
SSUH2,1
SSX2IP,6
ST13,4
ST14,6
ST18,7
ST3GAL1,4
ST3GAL2,1
ST3GAL3,6
ST3GAL4,4
ST3GAL5,6
ST3GAL6,4
ST6GAL1,1
ST6GAL2,2
ST6GALNAC2,4
ST6GALNAC3,3
ST6GALNAC4,7
ST6GALNAC5,1
ST6GALNAC6,0
ST7,3
ST7L,2
ST8SIA1,8
ST8SIA2,1
ST8SIA4,2
ST8SIA5,1
ST8SIA6,6
STAB1,2
STAB2,0
STAC,2
STAC2,8
STAG1,6
STAG2,3
STAG3,7
STAM,0
STAMBPL1,4
STAP1,0
STAP2,4
STARD10,8
STARD13,6
STARD3,6
STARD3NL,9
STARD4,7
STARD5,6
STARD6,7
STARD7,9
STARD8,7
STARD9,9
STAT1,6
STAT2,0
STAT3,9
STAT4,8
STAT5A,6
STAT5B,9
STAT6,7
STAU1,9
STAU2,1
STBD1,7
STC1,2
STC2,7
STEAP2,3
STEAP3,0
STIL,9
STIM1,8
STIM2,2
STIP1,0
STK10,4
STK11,7
STK11IP,8
STK16,1
STK17A,3
STK17B,0
STK24,9
STK25,4
STK26,3
STK3,6
STK32A,2
STK32B,6
STK32C,0
STK33,1
STK36,1
STK38,4
STK38L,4
STK39,4
STK4,1
STK40,4
STKLD1,0
STMN1,8
STMN2,6
STMN3,6
STMND1,7
STMP1,6
STN1,4
STOM,8
STOML1,5
STOML2,0
STOML3,7
STON1,3
STON2,6
STOX1,4
STOX2,8
STPG1,2
STPG2,9
STPG4,3
STRA6,7
STRADA,6
STRADB,6
STRAP,3
STRBP,4
STRC,6
STRIP1,6
STRIP2,7
STRN,3
STRN3,6
STRN4,2
STS,4
STT3A,2
STT3B,2
STUB1,8
STUM,6
STX10,0
STX11,2
STX12,6
STX17,6
STX18,2
STX19,2
STX1A,6
STX1B,0
STX2,3
STX3,4
STX4,2
STX5,1
STX6,4
STX7,9
STX8,1
STXBP1,4
STXBP2,4
STXBP3,4
STXBP4,4
STXBP5,4
STXBP5L,0
STXBP6,4
STYK1,1
STYX,6
SUB1,2
SUCLA2,0
SUCLG1,2
SUCLG2,6
SUCNR1,4
SUCO,2
SUDS3,6
SUFU,4
SUGCT,8
SUGP1,4
SUGP2,4
SUGT1,9
SULF1,2
SULF2,2
SULT1A1,2
SULT1C4,3
SULT4A1,9
SUMF1,1
SUMF2,5
SUMO1,7
SUMO2,1
SUN1,6
SUN2,3
SUOX,6
SUPT16H,2
SUPT20H,2
SUPT3H,4
SUPT4H1,7
SUPT5H,0
SUPT6H,6
SUPV3L1,6
SURF1,4
SURF2,4
SURF4,0
SUSD1,3
SUSD2,6
SUSD3,9
SUSD5,4
SUSD6,2
SUV39H1,6
SUV39H2,4
SUZ12,2
SV2A,2
SV2B,2
SV2C,1
SVBP,6
SVEP1,6
SVIL,7
SVIP,9
SVOPL,0
SWAP70,8
SWSAP1,6
SWT1,4
SYAP1,0
SYBU,1
SYCE1,0
SYCE2,3
SYCP2,9
SYCP2L,9
SYDE1,2
SYDE2,9
SYK,9
SYMPK,2
SYN1,7
SYN2,4
SYN3,4
SYNC,3
SYNCRIP,8
SYNDIG1,0
SYNDIG1L,3
SYNE1,4
SYNE2,4
SYNE3,7
SYNGAP1,2
SYNGR1,2
SYNGR4,6
SYNJ1,7
SYNJ2,3
SYNJ2BP,4
SYNM,6
SYNPO,3
SYNPO2,6
SYNPO2L,1
SYNPR,4
SYNRG,4
SYP,4
SYPL1,9
SYPL2,6
SYS1,3
SYT1,6
SYT11,0
SYT12,7
SYT13,2
SYT14,9
SYT16,9
SYT17,4
SYT2,4
SYT3,6
SYT4,3
SYT5,6
SYT6,0
SYT7,3
SYT8,4
SYTL1,7
SYTL2,7
SYTL3,0
SYTL4,6
SYTL5,9
SYVN1,9
SZRD1,4
SZT2,1
TAB1,9
TAB2,9
TAB3,7
TAC1,9
TACC1,7
TACC2,4
TACC3,9
TACO1,4
TACR1,9
TADA1,0
TADA2A,2
TADA2B,4
TADA3,6
TAF10,0
TAF11,6
TAF12,0
TAF15,6
TAF1A,6
TAF1B,2
TAF1C,2
TAF2,2
TAF3,0
TAF4,4
TAF4B,4
TAF5,4
TAF5L,2
TAF6,9
TAF6L,6
TAF7,6
TAF8,3
TAF9,0
TAF9B,6
TAFA1,2
TAFA2,3
TAFA4,6
TAGAP,3
TAGLN,0
TAGLN2,4
TAGLN3,7
TAL1,6
TAL2,2
TAMM41,0
TANC1,3
TANC2,9
TANGO2,8
TANGO6,6
TANK,3
TAOK1,0
TAOK2,6
TAOK3,0
TAP1,0
TAPBP,2
TAPBPL,2
TAPT1,8
TARBP1,1
TARBP2,6
TARDBP,4
TARS2,0
TASOR,1
TASOR2,9
TASP1,8
TAT,7
TATDN1,4
TATDN3,4
TAX1BP1,9
TAX1BP3,6
TAZ,8
TBC1D1,3
TBC1D10A,9
TBC1D10B,8
TBC1D10C,4
TBC1D12,9
TBC1D13,4
TBC1D15,3
TBC1D16,4
TBC1D17,9
TBC1D19,8
TBC1D2,6
TBC1D20,9
TBC1D22A,4
TBC1D23,4
TBC1D25,0
TBC1D2B,4
TBC1D30,6
TBC1D31,4
TBC1D32,8
TBC1D4,2
TBC1D5,0
TBC1D7,0
TBC1D8,4
TBC1D8B,0
TBC1D9,0
TBC1D9B,6
TBCA,2
TBCB,4
TBCC,4
TBCD,1
TBCE,0
TBCK,3
TBK1,2
TBKBP1,4
TBL1XR1,6
TBL2,6
TBP,4
TBPL1,0
TBR1,3
TBRG1,1
TBRG4,4
TBX1,6
TBX15,4
TBX18,8
TBX19,9
TBX2,4
TBX20,1
TBX21,4
TBX3,6
TBX4,6
TBX5,2
TBX6,6
TBXA2R,9
TBXAS1,2
TC2N,4
TCAF1,2
TCAIM,7
TCAP,6
TCEA1,7
TCEA3,6
TCEAL1,4
TCEANC,4
TCEANC2,4
TCERG1,4
TCF12,6
TCF15,7
TCF19,7
TCF20,6
TCF21,9
TCF23,1
TCF24,3
TCF25,7
TCF3,9
TCF4,2
TCF7,7
TCF7L1,6
TCF7L2,8
TCHHL1,0
TCHP,3
TCIM,1
TCIRG1,2
TCN1,9
TCN2,0
TCOF1,4
TCP1,1
TCP11,2
TCP11L1,4
TCP11L2,4
TCTA,4
TCTE1,9
TCTN1,6
TCTN2,9
TCTN3,3
TDG,6
TDO2,4
TDP1,4
TDP2,2
TDRD12,0
TDRD15,9
TDRD3,0
TDRD5,0
TDRD6,3
TDRD7,4
TDRD9,6
TDRKH,4
TDRP,7
TEAD1,4
TEAD2,2
TEAD3,4
TEAD4,4
TEC,4
TECPR1,6
TECPR2,3
TECR,6
TECTA,3
TECTB,3
TEDC1,0
TEDC2,6
TEF,5
TEFM,6
TEK,8
TEKT3,6
TEKT5,6
TELO2,7
TEN1,1
TENM1,8
TENM2,8
TENM4,0
TENT2,5
TENT4A,2
TENT4B,4
TENT5A,6
TENT5C,9
TEP1,1
TEPSIN,8
TERB1,9
TERB2,8
TERF1,7
TERF2,9
TERF2IP,8
TERT,4
TES,4
TESC,1
TESK1,4
TESMIN,1
TESPA1,6
TET1,7
TET2,6
TET3,1
TEX10,7
TEX11,9
TEX12,6
TEX14,1
TEX15,9
TEX2,1
TEX26,4
TEX264,2
TEX28,0
TEX30,4
TEX38,9
TEX47,6
TEX49,4
TEX9,4
TFAM,6
TFAP2A,4
TFAP2B,4
TFAP2C,7
TFAP4,0
TFB1M,5
TFB2M,1
TFCP2,2
TFCP2L1,4
TFDP1,3
TFDP2,9
TFE3,3
TFEB,4
TFEC,9
TFG,7
TFIP11,0
TFPI,1
TFPI2,9
TFPT,4
TFR2,7
TFRC,2
TG,0
TGDS,4
TGFB1,2
TGFB1I1,7
TGFB2,9
TGFB3,3
TGFBI,6
TGFBR1,9
TGFBR2,4
TGFBR3,6
TGFBRAP1,6
TGIF1,0
TGIF2,0
TGM1,0
TGM2,4
TGM3,0
TGS1,4
THADA,6
THAP1,2
THAP11,3
THAP12,4
THAP3,7
THAP4,2
THAP6,4
THAP7,0
THAP8,6
THAP9,6
THBD,6
THBS1,6
THBS2,2
THBS3,6
THBS4,2
THEGL,9
THEM4,6
THEM5,3
THEMIS,7
THEMIS2,4
THG1L,4
THNSL1,6
THNSL2,3
THOC1,1
THOC2,7
THOC3,2
THOC5,0
THOC6,9
THOC7,0
THOP1,4
THPO,2
THRA,1
THRAP3,3
THRB,2
THRSP,6
THSD1,0
THSD4,7
THSD7A,6
THSD7B,7
THTPA,6
THUMPD1,4
THUMPD2,7
THUMPD3,4
THY1,6
THYN1,0
TIA1,0
TIAL1,6
TIAM1,3
TIAM2,2
TICAM1,0
TICAM2,7
TICRR,7
TIE1,3
TIFA,8
TIFAB,2
TIGAR,4
TIGD2,1
TIGD3,4
TIGD4,6
TIGD5,4
TIGD6,6
TIGD7,6
TIGIT,1
TIMELESS,9
TIMM10,4
TIMM10B,3
TIMM17A,6
TIMM21,7
TIMM22,1
TIMM29,2
TIMM44,2
TIMM50,4
TIMM8A,9
TIMM8B,6
TIMM9,2
TIMMDC1,4
TIMP1,7
TIMP2,4
TIMP3,4
TIMP4,9
TINAGL1,0
TINF2,6
TIPARP,0
TIPIN,1
TIRAP,2
TJAP1,4
TJP1,3
TJP2,2
TJP3,0
TK1,8
TK2,6
TKFC,3
TKT,8
TKTL1,2
TLCD1,9
TLCD2,2
TLCD3A,6
TLCD3B,8
TLCD5,6
TLDC2,4
TLE1,4
TLE2,6
TLE3,6
TLE4,4
TLE7,4
TLK1,2
TLK2,4
TLL1,6
TLL2,6
TLN1,4
TLN2,7
TLNRD1,5
TLR1,9
TLR10,4
TLR2,4
TLR3,7
TLR4,6
TLR5,8
TLR7,2
TLR9,8
TLX1,9
TLX2,3
TLX3,6
TM2D1,0
TM2D2,9
TM2D3,4
TM4SF1,0
TM4SF18,3
TM4SF20,0
TM4SF4,6
TM6SF1,7
TM6SF2,6
TM7SF2,1
TM7SF3,3
TM9SF2,0
TM9SF3,7
TM9SF4,0
TMA16,1
TMA7,2
TMBIM1,7
TMBIM6,4
TMC2,9
TMC3,4
TMC4,0
TMC6,6
TMC7,0
TMC8,3
TMCC1,2
TMCC2,6
TMCC3,2
TMCO1,3
TMCO3,3
TMCO4,2
TMCO6,0
TMED1,3
TMED11,9
TMED2,1
TMED3,2
TMED4,8
TMED5,7
TMED7,4
TMED8,4
TMED9,6
TMEFF2,7
TMEM100,2
TMEM101,1
TMEM102,6
TMEM104,4
TMEM106B,0
TMEM106C,6
TMEM108,4
TMEM11,2
TMEM115,2
TMEM116,4
TMEM117,0
TMEM119,3
TMEM120A,2
TMEM120B,0
TMEM121,4
TMEM121B,9
TMEM126A,6
TMEM126B,6
TMEM127,6
TMEM128,4
TMEM129,2
TMEM130,7
TMEM131,6
TMEM131L,4
TMEM132A,4
TMEM132B,0
TMEM132C,7
TMEM132D,0
TMEM132E,3
TMEM134,4
TMEM135,3
TMEM138,6
TMEM139,6
TMEM140,2
TMEM141,1
TMEM143,4
TMEM144,8
TMEM145,9
TMEM147,3
TMEM150A,4
TMEM150B,6
TMEM150C,1
TMEM151A,0
TMEM151B,4
TMEM154,0
TMEM156,6
TMEM160,9
TMEM161A,3
TMEM161B,2
TMEM163,1
TMEM164,9
TMEM165,4
TMEM167A,1
TMEM167B,2
TMEM168,4
TMEM169,0
TMEM17,1
TMEM170B,2
TMEM171,0
TMEM175,9
TMEM176A,4
TMEM176B,6
TMEM178A,2
TMEM178B,4
TMEM179,9
TMEM179B,8
TMEM18,7
TMEM181,7
TMEM182,0
TMEM183A,9
TMEM184A,0
TMEM184B,7
TMEM184C,9
TMEM185A,0
TMEM190,6
TMEM192,9
TMEM198,3
TMEM199,0
TMEM200A,4
TMEM201,3
TMEM203,4
TMEM204,4
TMEM205,2
TMEM208,2
TMEM209,4
TMEM214,4
TMEM218,4
TMEM220,1
TMEM222,8
TMEM223,1
TMEM225B,2
TMEM229B,0
TMEM230,2
TMEM231,2
TMEM232,1
TMEM233,6
TMEM234,6
TMEM235,1
TMEM236,0
TMEM237,1
TMEM238,6
TMEM240,6
TMEM241,8
TMEM242,1
TMEM243,2
TMEM245,4
TMEM248,9
TMEM249,2
TMEM25,4
TMEM250,6
TMEM251,6
TMEM252,0
TMEM253,0
TMEM254,9
TMEM255A,4
TMEM259,0
TMEM26,7
TMEM260,6
TMEM263,2
TMEM265,6
TMEM266,9
TMEM267,7
TMEM268,6
TMEM30A,7
TMEM33,8
TMEM35A,4
TMEM37,7
TMEM38A,9
TMEM38B,0
TMEM39A,3
TMEM39B,6
TMEM40,0
TMEM41A,4
TMEM41B,2
TMEM42,9
TMEM43,4
TMEM45A,2
TMEM45B,9
TMEM47,6
TMEM50A,6
TMEM51,4
TMEM52,4
TMEM52B,6
TMEM53,0
TMEM54,9
TMEM59,9
TMEM59L,9
TMEM60,2
TMEM61,7
TMEM62,6
TMEM63A,2
TMEM63B,3
TMEM63C,1
TMEM64,1
TMEM65,8
TMEM67,2
TMEM68,6
TMEM69,1
TMEM70,9
TMEM71,4
TMEM74,3
TMEM81,0
TMEM82,4
TMEM86A,7
TMEM86B,4
TMEM87A,2
TMEM87B,9
TMEM88,1
TMEM8B,6
TMEM92,0
TMEM94,4
TMEM95,6
TMEM97,6
TMEM98,1
TMEM9B,2
TMF1,4
TMIE,0
TMLHE,0
TMOD1,4
TMOD2,9
TMOD4,0
TMPO,2
TMPRSS4,9
TMPRSS5,0
TMPRSS6,7
TMPRSS7,6
TMPRSS9,8
TMSB10,6
TMTC1,6
TMTC3,6
TMTC4,9
TMUB1,0
TMUB2,6
TMX1,9
TMX2,5
TMX3,2
TMX4,2
TNC,6
TNF,2
TNFAIP1,4
TNFAIP2,4
TNFAIP3,6
TNFAIP6,1
TNFAIP8,6
TNFAIP8L1,0
TNFAIP8L2,1
TNFAIP8L3,4
TNFRSF11A,4
TNFRSF11B,6
TNFRSF12A,4
TNFRSF13B,1
TNFRSF13C,7
TNFRSF14,2
TNFRSF17,0
TNFRSF18,4
TNFRSF19,8
TNFRSF1A,6
TNFRSF1B,9
TNFRSF25,0
TNFRSF4,6
TNFRSF6B,2
TNFRSF8,0
TNFRSF9,4
TNFSF10,2
TNFSF11,7
TNFSF12,1
TNFSF13,6
TNFSF13B,4
TNFSF15,0
TNFSF18,4
TNFSF4,6
TNFSF8,3
TNFSF9,1
TNIK,0
TNIP1,1
TNIP3,0
TNK1,0
TNK2,4
TNKS,6
TNKS1BP1,2
TNKS2,4
TNMD,4
TNN,6
TNNC1,4
TNNI1,2
TNNI2,4
TNNI3,3
TNNI3K,6
TNNT1,4
TNNT2,4
TNNT3,4
TNPO1,0
TNPO2,2
TNPO3,4
TNR,6
TNRC18,8
TNRC6A,3
TNRC6B,7
TNRC6C,6
TNS1,1
TNS2,9
TNS3,4
TNS4,4
TNXB,7
TOB1,1
TOB2,1
TOE1,4
TOGARAM1,4
TOGARAM2,6
TOLLIP,0
TOM1,1
TOM1L1,9
TOM1L2,5
TOMM20,1
TOMM34,1
TOMM40,7
TOMM40L,6
TOMM6,9
TOMM7,6
TOMM70,4
TONSL,1
TOP1,8
TOP2A,3
TOP2B,4
TOP3A,7
TOP3B,4
TOPAZ1,4
TOPBP1,4
TOPORS,8
TOR1A,3
TOR1AIP1,3
TOR1B,4
TOR2A,6
TOR3A,6
TOX,4
TOX2,9
TOX3,3
TOX4,8
TP53,4
TP53BP1,8
TP53BP2,6
TP53I11,9
TP53I13,4
TP53INP1,2
TP53INP2,2
TP53RK,4
TP63,6
TP73,1
TPBG,6
TPBGL,0
TPC3,9
TPCN1,4
TPCN2,9
TPD52L1,0
TPD52L2,9
TPGS1,2
TPGS2,6
TPH2,7
TPI1,2
TPK1,6
TPM1,0
TPM2,4
TPM3,7
TPM4,4
TPMT,7
TPP1,2
TPP2,7
TPPP,6
TPPP2,2
TPPP3,1
TPR,8
TPRA1,2
TPRG1,9
TPRG1L,9
TPST1,4
TPST2,6
TPT1,9
TPX2,2
TRA2A,4
TRA2B,6
TRABD,2
TRABD2A,7
TRABD2B,2
TRADD,9
TRAF2,6
TRAF3,8
TRAF3IP1,7
TRAF3IP2,1
TRAF3IP3,7
TRAF4,4
TRAF5,6
TRAF6,6
TRAF7,0
TRAFD1,4
TRAIP,6
TRAK1,4
TRAK2,2
TRAM1,9
TRAM1L1,9
TRAM2,6
TRANK1,6
TRAP1,4
TRAPPC1,8
TRAPPC11,1
TRAPPC12,1
TRAPPC13,2
TRAPPC2,0
TRAPPC2L,4
TRAPPC3,3
TRAPPC3L,1
TRAPPC4,7
TRAPPC6A,1
TRAPPC6B,1
TRAPPC8,7
TRAPPC9,4
TRARG1,0
TRAT1,3
TRDMT1,0
TRDN,4
TREH,9
TREM1,6
TREM2,0
TREML2,8
TRERF1,1
TREX1,4
TRH,1
TRHDE,3
TRHR,8
TRIAP1,6
TRIB1,2
TRIB2,8
TRIB3,3
TRIL,9
TRIM13,9
TRIM14,2
TRIM21,2
TRIM22,0
TRIM23,2
TRIM24,6
TRIM25,1
TRIM27,0
TRIM3,4
TRIM32,2
TRIM33,2
TRIM34,1
TRIM35,8
TRIM36,9
TRIM37,0
TRIM4,9
TRIM41,4
TRIM44,6
TRIM45,7
TRIM46,0
TRIM47,0
TRIM52,4
TRIM54,9
TRIM55,4
TRIM56,6
TRIM58,8
TRIM59,4
TRIM6,2
TRIM62,6
TRIM63,2
TRIM65,9
TRIM66,4
TRIM67,0
TRIM68,6
TRIM69,0
TRIM7,6
TRIM71,6
TRIM72,1
TRIM8,0
TRIM9,9
TRIML2,6
TRIO,7
TRIOBP,7
TRIP10,1
TRIP11,2
TRIP12,0
TRIP13,1
TRIP4,4
TRIP6,9
TRIQK,6
TRIR,4
TRIT1,0
TRMO,6
TRMT1,5
TRMT10A,1
TRMT10B,4
TRMT10C,1
TRMT11,4
TRMT112,0
TRMT13,5
TRMT1L,7
TRMT2A,2
TRMT44,4
TRMT5,6
TRMT6,0
TRMT61A,4
TRMT61B,2
TRMT9B,1
TRMU,7
TRNAU1AP,4
TRNT1,9
TROAP,3
TRPC1,2
TRPC3,2
TRPC4,1
TRPC4AP,7
TRPC6,1
TRPC7,7
TRPM3,0
TRPM4,6
TRPM6,5
TRPM7,4
TRPM8,1
TRPS1,6
TRPT1,0
TRPV1,0
TRPV2,3
TRPV3,6
TRPV4,3
TRPV6,0
TRRAP,2
TRUB1,2
TRUB2,0
TSC1,3
TSC2,8
TSC22D1,5
TSC22D2,7
TSC22D3,2
TSC22D4,4
TSEN15,6
TSEN34,3
TSEN54,0
TSFM,3
TSG101,6
TSGA10,6
TSHR,1
TSHZ1,1
TSHZ2,2
TSHZ3,8
TSKS,7
TSKU,7
TSLP,6
TSN,7
TSNARE1,4
TSNAXIP1,1
TSPAN1,4
TSPAN11,7
TSPAN12,0
TSPAN13,2
TSPAN14,6
TSPAN15,2
TSPAN17,3
TSPAN18,0
TSPAN19,6
TSPAN2,6
TSPAN3,0
TSPAN31,2
TSPAN32,7
TSPAN33,1
TSPAN4,1
TSPAN5,8
TSPAN6,6
TSPAN7,9
TSPAN8,8
TSPAN9,7
TSPO,2
TSPOAP1,0
TSPYL1,3
TSPYL2,4
TSPYL5,2
TSR3,1
TSSC4,0
TSSK4,8
TSSK6,4
TST,7
TSTD1,4
TSTD2,0
TSTD3,4
TTBK1,8
TTBK2,7
TTC1,4
TTC12,2
TTC13,4
TTC14,9
TTC16,0
TTC17,0
TTC19,8
TTC21A,4
TTC21B,0
TTC23,0
TTC23L,0
TTC26,1
TTC27,6
TTC28,2
TTC29,2
TTC3,9
TTC31,4
TTC32,4
TTC33,3
TTC34,6
TTC37,6
TTC38,6
TTC39A,6
TTC39B,4
TTC39C,4
TTC4,3
TTC5,6
TTC6,0
TTC7A,6
TTC7B,4
TTC8,6
TTC9,7
TTC9C,6
TTF1,6
TTF2,4
TTI1,7
TTI2,4
TTK,4
TTL,0
TTLL1,1
TTLL11,9
TTLL12,1
TTLL2,2
TTLL5,3
TTLL6,9
TTLL7,3
TTLL8,8
TTLL9,4
TTN,6
TTPA,3
TTPAL,1
TTYH1,9
TTYH2,2
TTYH3,1
TUB,6
TUBA4A,7
TUBB,3
TUBB1,3
TUBB2A,6
TUBB4A,4
TUBB4B,4
TUBB6,0
TUBD1,4
TUBE1,9
TUBG1,7
TUBGCP3,2
TUBGCP4,8
TUBGCP5,6
TUBGCP6,4
TUFM,6
TULP1,7
TULP2,3
TULP3,0
TULP4,6
TUSC3,4
TUT1,4
TUT4,3
TUT7,9
TVP23A,4
TVP23B,4
TWF1,2
TWIST2,6
TWNK,6
TWSG1,8
TXK,7
TXLNA,6
TXLNB,8
TXLNG,4
TXN2,1
TXNDC11,6
TXNDC12,0
TXNDC15,0
TXNDC16,0
TXNDC17,6
TXNDC2,7
TXNDC5,8
TXNDC9,2
TXNIP,2
TXNL1,6
TXNL4A,6
TXNL4B,6
TXNRD1,4
TXNRD2,9
TXNRD3,9
TYK2,3
TYMS,6
TYR,4
TYRO3,4
TYW3,6
TYW5,4
U2AF1L4,7
U2AF2,2
U2SURP,3
UACA,6
UAP1,0
UBA1,4
UBA2,4
UBA3,4
UBA5,2
UBA52,7
UBA6,6
UBA7,0
UBAC1,6
UBAC2,8
UBALD1,6
UBALD2,4
UBAP1L,3
UBAP2,4
UBAP2L,6
UBASH3A,2
UBASH3B,7
UBB,0
UBE2A,7
UBE2B,6
UBE2C,0
UBE2D1,3
UBE2D2,7
UBE2E1,3
UBE2E2,7
UBE2E3,4
UBE2F,3
UBE2G1,2
UBE2G2,6
UBE2H,4
UBE2I,2
UBE2J1,4
UBE2J2,6
UBE2K,9
UBE2L3,9
UBE2L6,6
UBE2M,6
UBE2N,4
UBE2O,4
UBE2Q1,6
UBE2Q2,1
UBE2QL1,6
UBE2R2,4
UBE2S,9
UBE2U,2
UBE2V1,4
UBE2V2,3
UBE2Z,3
UBE3A,2
UBE3B,2
UBE3C,4
UBE3D,7
UBE4A,2
UBE4B,3
UBFD1,4
UBIAD1,2
UBL3,2
UBL4A,9
UBL4B,8
UBL5,6
UBL7,8
UBLCP1,0
UBN1,6
UBN2,3
UBOX5,0
UBP1,1
UBQLN1,6
UBQLN4,6
UBR1,9
UBR2,4
UBR3,6
UBR4,2
UBR5,4
UBR7,6
UBTD2,7
UBTF,6
UBXN1,8
UBXN10,3
UBXN11,1
UBXN2B,8
UBXN4,6
UBXN6,1
UBXN7,7
UBXN8,6
UCHL1,6
UCHL3,5
UCHL5,9
UCK1,0
UCK2,3
UCP2,6
UCP3,3
UEVLD,2
UFC1,2
UFD1,5
UFL1,6
UFM1,3
UFSP1,0
UFSP2,6
UGCG,2
UGDH,5
UGGT1,0
UGGT2,3
UGP2,0
UGT1A6,0
UGT8,7
UHRF1,2
UHRF1BP1,0
UHRF1BP1L,1
UHRF2,2
UIMC1,0
ULK1,6
ULK2,1
ULK3,3
ULK4,4
UMODL1,7
UMPS,6
UNC119,6
UNC119B,4
UNC13A,1
UNC13C,4
UNC13D,8
UNC45A,9
UNC45B,7
UNC50,7
UNC5A,0
UNC5B,2
UNC5C,1
UNC5CL,1
UNC5D,9
UNC79,4
UNC80,1
UNC93A,2
UNC93B1,7
UNG,6
UNK,9
UNKL,0
UPB1,4
UPF1,1
UPF2,4
UPF3A,7
UPF3B,4
UPK1A,6
UPK3B,6
UPRT,6
UQCC1,2
UQCC2,9
UQCC3,7
UQCR10,2
UQCRC1,2
UQCRC2,2
UQCRFS1,1
UQCRQ,4
URB1,4
URB2,6
URI1,6
URM1,1
UROC1,3
UROD,4
UROS,3
USB1,7
USE1,0
USF1,2
USF2,8
USF3,6
USH1C,3
USH1G,9
USH2A,8
USHBP1,1
USO1,6
USP1,2
USP10,6
USP11,3
USP12,9
USP13,2
USP14,2
USP15,6
USP16,2
USP19,6
USP2,0
USP20,7
USP21,6
USP22,7
USP24,8
USP25,4
USP26,9
USP28,9
USP3,2
USP30,4
USP31,2
USP32,2
USP33,6
USP34,6
USP35,9
USP36,1
USP37,4
USP38,0
USP39,2
USP4,2
USP42,4
USP43,4
USP44,0
USP45,0
USP46,3
USP47,0
USP48,6
USP49,3
USP5,2
USP53,8
USP54,8
USP6NL,4
USP7,6
USP8,2
USPL1,8
UST,7
UTP11,6
UTP15,0
UTP18,9
UTP20,1
UTP23,0
UTP25,6
UTP3,4
UTP4,1
UTP6,4
UTRN,0
UTS2B,4
UVRAG,0
UVSSA,7
UXS1,3
UXT,6
VAC14,0
VAMP1,2
VAMP3,1
VAMP4,2
VAMP5,7
VAMP7,6
VAMP8,1
VANGL1,7
VAPA,1
VAPB,6
VARS2,7
VASH1,2
VASH2,1
VASN,9
VASP,6
VAT1,1
VAT1L,7
VAV1,6
VAV2,2
VAV3,6
VBP1,3
VCAM1,2
VCAN,8
VCL,2
VCP,6
VCPIP1,9
VCPKMT,0
VDAC1,4
VDAC2,7
VDAC3,4
VDR,4
VEGFA,6
VEGFB,0
VEGFC,9
VEGFD,6
VEPH1,6
VEZF1,2
VEZT,4
VGF,0
VGLL2,2
VGLL3,7
VGLL4,6
VHL,1
VILL,8
VIM,0
VIPAS39,4
VIPR1,1
VIPR2,2
VIRMA,2
VIT,6
VKORC1,4
VLDLR,7
VMA21,8
VMAC,6
VMO1,2
VNN1,6
VOPP1,3
VPREB3,2
VPS11,4
VPS13A,6
VPS13B,3
VPS13C,1
VPS13D,2
VPS16,2
VPS18,0
VPS26A,7
VPS26B,6
VPS26C,4
VPS28,8
VPS29,3
VPS33B,6
VPS35,0
VPS36,9
VPS37A,4
VPS37B,6
VPS37C,0
VPS37D,1
VPS39,7
VPS41,8
VPS45,6
VPS4B,6
VPS50,7
VPS51,4
VPS52,2
VPS53,1
VPS54,8
VPS72,7
VPS8,4
VPS9D1,0
VRK1,4
VRK2,2
VRK3,7
VSIG1,0
VSIG10,6
VSIG10L,4
VSIG2,6
VSIG4,6
VSIG8,5
VSIR,2
VSNL1,0
VSTM1,4
VSTM2A,9
VSTM2L,3
VSTM4,2
VSTM5,2
VSX2,3
VTA1,6
VTCN1,1
VTI1A,0
VTI1B,3
VWA1,6
VWA2,2
VWA3A,4
VWA3B,9
VWA5A,2
VWA5B2,6
VWA7,7
VWA8,7
VWC2,0
VWCE,9
VWDE,4
VWF,9
VXN,6
WAPL,7
WARS2,9
WAS,6
WASF1,9
WASF2,2
WASF3,0
WASHC1,1
WASHC4,3
WASHC5,2
WASL,4
WBP1,1
WBP11,3
WBP1L,9
WBP2,4
WBP2NL,0
WBP4,4
WDCP,1
WDFY1,8
WDFY2,7
WDFY3,7
WDFY4,3
WDHD1,6
WDPCP,6
WDR1,6
WDR11,1
WDR12,0
WDR13,4
WDR17,0
WDR18,0
WDR19,7
WDR20,4
WDR24,2
WDR25,0
WDR26,4
WDR27,6
WDR3,4
WDR31,9
WDR33,6
WDR35,6
WDR36,2
WDR37,4
WDR4,6
WDR41,0
WDR43,0
WDR44,7
WDR45,4
WDR45B,3
WDR46,3
WDR47,2
WDR48,1
WDR5,7
WDR54,6
WDR55,6
WDR59,3
WDR5B,6
WDR6,9
WDR61,3
WDR62,1
WDR7,9
WDR70,3
WDR72,2
WDR73,0
WDR74,2
WDR75,4
WDR76,3
WDR77,0
WDR81,4
WDR83,7
WDR83OS,1
WDR86,8
WDR87,6
WDR89,0
WDR90,9
WDR91,7
WDR92,3
WDR93,0
WDSUB1,9
WDTC1,4
WEE1,6
WFDC1,0
WFDC2,9
WFDC3,0
WFIKKN1,6
WFIKKN2,6
WFS1,0
WHAMM,8
WHRN,4
WIF1,2
WIPF1,3
WIPF2,7
WIPF3,6
WIPI1,3
WIPI2,6
WLS,6
WNK1,1
WNK2,0
WNK3,4
WNT1,9
WNT10A,7
WNT10B,2
WNT11,4
WNT16,2
WNT2,6
WNT2B,4
WNT3,8
WNT4,2
WNT5A,6
WNT5B,4
WNT6,2
WNT7A,0
WNT7B,3
WNT8A,0
WNT8B,1
WNT9A,2
WNT9B,7
WRAP73,4
WRN,0
WRNIP1,4
WSB1,6
WSCD1,0
WSCD2,2
WT1,4
WTAP,2
WWC1,3
WWC2,4
WWC3,4
WWOX,3
WWP1,4
WWP2,6
WWTR1,7
XAB2,7
XAF1,7
XCR1,4
XDH,6
XG,5
XIAP,0
XIRP1,9
XIRP2,9
XK,7
XKR4,2
XKR5,0
XKR9,4
XKRX,3
XPA,4
XPC,2
XPNPEP1,4
XPNPEP2,2
XPNPEP3,0
XPO1,6
XPO4,3
XPO5,4
XPO6,4
XPO7,4
XPOT,4
XPR1,2
XRCC1,2
XRCC2,2
XRCC3,8
XRCC4,3
XRCC5,0
XRCC6,6
XRN1,6
XRN2,4
XRRA1,0
XXYLT1,9
XYLB,4
XYLT1,0
XYLT2,4
YAE1,6
YAF2,1
YAP1,2
YARS2,7
YBEY,4
YBX1,8
YBX2,6
YBX3,6
YDJC,2
YEATS2,0
YEATS4,2
YES1,2
YIF1A,6
YIF1B,6
YIPF1,2
YIPF2,0
YIPF3,1
YIPF4,4
YIPF5,6
YIPF6,7
YIPF7,9
YJU2,7
YLPM1,2
YME1L1,6
YOD1,2
YPEL2,4
YPEL3,7
YPEL4,4
YRDC,4
YTHDC1,6
YTHDC2,3
YTHDF1,9
YTHDF2,4
YTHDF3,1
YWHAB,0
YWHAE,2
YWHAG,6
YWHAH,1
YY1,6
ZADH2,1
ZAP70,2
ZAR1L,3
ZBED1,6
ZBED2,6
ZBED4,2
ZBED5,6
ZBED8,6
ZBED9,1
ZBP1,6
ZBTB1,6
ZBTB10,6
ZBTB11,0
ZBTB12,6
ZBTB14,0
ZBTB16,0
ZBTB17,6
ZBTB18,2
ZBTB2,4
ZBTB20,2
ZBTB21,8
ZBTB22,6
ZBTB24,4
ZBTB25,6
ZBTB3,3
ZBTB32,7
ZBTB33,6
ZBTB34,5
ZBTB37,6
ZBTB38,8
ZBTB4,4
ZBTB40,2
ZBTB41,6
ZBTB44,4
ZBTB45,3
ZBTB46,4
ZBTB47,4
ZBTB48,0
ZBTB49,6
ZBTB5,3
ZBTB6,4
ZBTB7A,0
ZBTB7B,5
ZBTB8A,4
ZBTB8OS,6
ZBTB9,9
ZC2HC1A,2
ZC2HC1B,7
ZC2HC1C,4
ZC3H12A,1
ZC3H12B,7
ZC3H12C,6
ZC3H12D,0
ZC3H13,2
ZC3H14,8
ZC3H15,8
ZC3H18,4
ZC3H3,4
ZC3H4,0
ZC3H6,6
ZC3H7A,9
ZC3H7B,6
ZC3H8,0
ZC3HAV1,4
ZC3HAV1L,2
ZC4H2,4
ZCCHC10,6
ZCCHC14,9
ZCCHC2,2
ZCCHC24,1
ZCCHC4,1
ZCCHC7,3
ZCCHC8,4
ZCCHC9,1
ZCRB1,2
ZCWPW1,4
ZDBF2,9
ZDHHC1,6
ZDHHC12,4
ZDHHC13,4
ZDHHC14,2
ZDHHC15,2
ZDHHC16,3
ZDHHC17,6
ZDHHC18,1
ZDHHC19,0
ZDHHC2,4
ZDHHC20,4
ZDHHC21,6
ZDHHC22,1
ZDHHC23,1
ZDHHC24,6
ZDHHC3,5
ZDHHC5,2
ZDHHC6,9
ZDHHC7,9
ZDHHC8,6
ZDHHC9,6
ZEB1,7
ZEB2,8
ZER1,4
ZFAND1,4
ZFAND2B,1
ZFAND3,2
ZFAND4,4
ZFAND5,6
ZFAND6,7
ZFAT,8
ZFC3H1,4
ZFHX2,4
ZFHX3,9
ZFHX4,6
ZFP1,4
ZFP14,2
ZFP28,5
ZFP3,4
ZFP30,3
ZFP36,0
ZFP36L1,6
ZFP36L2,6
ZFP37,6
ZFP62,4
ZFP64,4
ZFP69B,2
ZFP82,7
ZFP90,4
ZFP92,6
ZFPL1,0
ZFPM2,0
ZFR,2
ZFR2,9
ZFYVE1,8
ZFYVE16,2
ZFYVE19,6
ZFYVE21,4
ZFYVE26,2
ZFYVE27,6
ZFYVE28,4
ZFYVE9,7
ZG16B,0
ZGLP1,0
ZGPAT,9
ZGRF1,2
ZHX2,4
ZHX3,2
ZIC2,6
ZIC3,1
ZIC4,3
ZIC5,8
ZKSCAN1,0
ZKSCAN2,6
ZKSCAN5,9
ZKSCAN8,1
ZMAT1,3
ZMAT2,2
ZMAT3,3
ZMAT4,6
ZMAT5,7
ZMIZ1,6
ZMIZ2,6
ZMPSTE24,6
ZMYM1,4
ZMYM2,3
ZMYM3,9
ZMYM4,6
ZMYM6,9
ZMYND10,6
ZMYND11,9
ZMYND12,6
ZMYND15,0
ZMYND19,3
ZMYND8,0
ZNF106,4
ZNF12,4
ZNF131,3
ZNF133,9
ZNF135,4
ZNF140,9
ZNF142,4
ZNF143,3
ZNF146,4
ZNF148,8
ZNF157,7
ZNF16,9
ZNF169,4
ZNF174,4
ZNF175,3
ZNF18,8
ZNF180,6
ZNF184,0
ZNF185,0
ZNF189,3
ZNF19,2
ZNF202,7
ZNF205,9
ZNF213,0
ZNF214,3
ZNF215,4
ZNF217,6
ZNF219,7
ZNF22,2
ZNF227,0
ZNF229,3
ZNF23,6
ZNF235,6
ZNF236,6
ZNF239,4
ZNF24,1
ZNF248,6
ZNF25,4
ZNF250,5
ZNF252,7
ZNF263,8
ZNF268,6
ZNF274,2
ZNF275,0
ZNF276,0
ZNF277,4
ZNF280B,0
ZNF280C,4
ZNF280D,7
ZNF281,6
ZNF282,9
ZNF283,8
ZNF285,2
ZNF287,9
ZNF292,0
ZNF296,2
ZNF300,4
ZNF304,7
ZNF311,9
ZNF316,0
ZNF317,0
ZNF319,4
ZNF32,3
ZNF322,2
ZNF326,1
ZNF330,4
ZNF331,6
ZNF333,4
ZNF335,7
ZNF34,1
ZNF341,4
ZNF346,8
ZNF35,9
ZNF354A,4
ZNF358,4
ZNF362,0
ZNF365,4
ZNF366,4
ZNF367,1
ZNF382,2
ZNF383,0
ZNF384,3
ZNF385A,2
ZNF385B,7
ZNF385D,5
ZNF394,6
ZNF395,5
ZNF397,9
ZNF398,2
ZNF404,0
ZNF407,4
ZNF408,8
ZNF41,6
ZNF410,2
ZNF414,2
ZNF423,2
ZNF428,0
ZNF432,9
ZNF436,0
ZNF438,4
ZNF444,0
ZNF445,6
ZNF449,8
ZNF45,0
ZNF451,6
ZNF454,4
ZNF461,2
ZNF462,9
ZNF467,7
ZNF473,4
ZNF48,1
ZNF483,1
ZNF484,2
ZNF485,2
ZNF488,3
ZNF496,0
ZNF500,3
ZNF502,4
ZNF503,9
ZNF507,6
ZNF510,6
ZNF511,6
ZNF512,6
ZNF512B,5
ZNF513,4
ZNF516,8
ZNF517,4
ZNF518A,3
ZNF518B,0
ZNF521,6
ZNF526,5
ZNF529,0
ZNF532,6
ZNF541,9
ZNF550,7
ZNF556,7
ZNF565,0
ZNF567,9
ZNF570,8
ZNF572,2
ZNF575,2
ZNF576,7
ZNF579,0
ZNF580,0
ZNF581,0
ZNF582,8
ZNF583,4
ZNF584,2
ZNF592,1
ZNF593,4
ZNF596,4
ZNF597,6
ZNF598,2
ZNF599,6
ZNF605,3
ZNF606,4
ZNF608,4
ZNF609,7
ZNF613,4
ZNF618,2
ZNF619,4
ZNF621,2
ZNF622,0
ZNF623,6
ZNF624,6
ZNF628,6
ZNF629,6
ZNF630,6
ZNF638,4
ZNF639,2
ZNF641,9
ZNF644,4
ZNF646,6
ZNF648,9
ZNF652,9
ZNF653,3
ZNF654,0
ZNF655,2
ZNF662,1
ZNF664,3
ZNF667,4
ZNF668,6
ZNF672,4
ZNF674,4
ZNF683,3
ZNF687,0
ZNF689,9
ZNF691,1
ZNF692,6
ZNF697,0
ZNF699,1
ZNF7,2
ZNF70,0
ZNF703,2
ZNF704,0
ZNF706,8
ZNF710,7
ZNF711,2
ZNF713,6
ZNF74,1
ZNF740,6
ZNF75D,0
ZNF76,4
ZNF768,2
ZNF770,6
ZNF771,0
ZNF772,9
ZNF774,7
ZNF777,6
ZNF782,6
ZNF783,6
ZNF784,4
ZNF785,6
ZNF786,0
ZNF787,1
ZNF789,6
ZNF79,0
ZNF790,2
ZNF792,9
ZNF793,3
ZNF8,6
ZNF800,4
ZNF804A,4
ZNF804B,4
ZNF81,1
ZNF821,4
ZNF827,8
ZNF829,1
ZNF830,4
ZNF831,1
ZNF835,9
ZNF839,1
ZNF862,2
ZNF865,3
ZNF875,1
ZNFX1,7
ZNHIT1,2
ZNHIT2,7
ZNHIT3,1
ZNHIT6,6
ZNRD2,0
ZNRF1,1
ZNRF3,2
ZP2,4
ZPLD1,3
ZPR1,1
ZRANB1,7
ZRANB2,4
ZRANB3,3
ZSCAN1,8
ZSCAN10,9
ZSCAN12,4
ZSCAN16,4
ZSCAN18,2
ZSCAN2,8
ZSCAN20,4
ZSCAN22,4
ZSCAN25,4
ZSCAN29,2
ZSCAN31,2
ZSWIM1,6
ZSWIM3,2
ZSWIM4,9
ZSWIM5,1
ZSWIM6,7
ZSWIM7,8
ZSWIM8,2
ZSWIM9,3
ZUP1,0
ZW10,9
ZWILCH,4
ZWINT,4
ZXDC,3
ZYG11A,7
ZYG11B,4
ZYX,1
ZZEF1,1
ZZZ3,4
